program_id,week_start,qty,version
mass-00037796,2026-03-09,57504,PDP-LEGACY
mass-00037796,2026-03-16,57440,PDP-LEGACY
mass-00037796,2026-03-23,57440,PDP-LEGACY
mass-00037796,2026-03-30,46768,PDP-LEGACY
mass-00037796,2026-04-06,46768,PDP-LEGACY
mass-00037796,2026-04-13,56416,PDP-LEGACY
mass-00037796,2026-04-20,55956,PDP-LEGACY
mass-00037796,2026-04-27,45520,PDP-LEGACY
mass-00037796,2026-05-04,45520,PDP-LEGACY
mass-00037796,2026-05-11,36160,PDP-LEGACY
mass-00037796,2026-05-18,56320,PDP-LEGACY
mass-00037796,2026-05-25,43520,PDP-LEGACY
mass-00037796,2026-06-01,43104,PDP-LEGACY
mass-00037796,2026-06-08,43072,PDP-LEGACY
mass-00037796,2026-06-15,43472,PDP-LEGACY
mass-00037796,2026-06-22,46000,PDP-LEGACY
mass-00037796,2026-06-29,56000,PDP-LEGACY
mass-00037796,2026-07-06,56000,PDP-LEGACY
mass-00037796,2026-07-13,56000,PDP-LEGACY
mass-00037796,2026-07-20,56000,PDP-LEGACY
mass-00037796,2026-07-27,0,PDP-LEGACY
mass-00037796,2026-08-03,0,PDP-LEGACY
mass-00037796,2026-08-10,0,PDP-LEGACY
mass-00037796,2026-08-17,48000,PDP-LEGACY
mass-00037796,2026-08-24,41200,PDP-LEGACY
mass-00037796,2026-08-31,41200,PDP-LEGACY
mass-00037796,2026-09-07,41200,PDP-LEGACY
mass-00037796,2026-09-14,41200,PDP-LEGACY
mass-00037796,2026-09-21,52000,PDP-LEGACY
mass-00037796,2026-09-28,52000,PDP-LEGACY
mass-00037796,2026-10-05,56000,PDP-LEGACY
mass-00037796,2026-10-12,56000,PDP-LEGACY
mass-00037796,2026-10-19,56000,PDP-LEGACY
mass-00037796,2026-10-26,56000,PDP-LEGACY
mass-00037796,2026-11-02,56000,PDP-LEGACY
mass-00037796,2026-11-09,56000,PDP-LEGACY
mass-00037796,2026-11-16,56000,PDP-LEGACY
mass-00037796,2026-11-23,56000,PDP-LEGACY
mass-00037796,2026-11-30,56000,PDP-LEGACY
mass-00037796,2026-12-07,56000,PDP-LEGACY
mass-00037796,2026-12-14,56000,PDP-LEGACY
mass-00037796,2026-12-21,56000,PDP-LEGACY
mass-00037796,2026-12-28,0,PDP-LEGACY
mass-00037796,2027-01-04,0,PDP-LEGACY
mass-00037796,2027-01-11,56000,PDP-LEGACY
mass-00037796,2027-01-18,56000,PDP-LEGACY
mass-00037796,2027-01-25,56000,PDP-LEGACY
mass-00037796,2027-02-01,56000,PDP-LEGACY
mass-00037796,2027-02-08,56000,PDP-LEGACY
mass-00037796,2027-02-15,56000,PDP-LEGACY
mass-00037796,2027-02-22,56000,PDP-LEGACY
mass-00037796,2027-03-01,56000,PDP-LEGACY
mass-00037796,2027-03-08,56000,PDP-LEGACY
mass-00037796,2027-03-15,56000,PDP-LEGACY
mass-00037796,2027-03-22,56000,PDP-LEGACY
mass-00037796,2027-03-29,56000,PDP-LEGACY
mass-00040633,2026-03-09,2519.748,PDP-LEGACY
mass-00040633,2026-03-16,4463.748,PDP-LEGACY
mass-00040633,2026-03-23,4949.748,PDP-LEGACY
mass-00040633,2026-03-30,4949.748,PDP-LEGACY
mass-00040633,2026-04-06,2400,PDP-LEGACY
mass-00040633,2026-04-13,4800,PDP-LEGACY
mass-00040633,2026-04-20,4800,PDP-LEGACY
mass-00040633,2026-04-27,4800,PDP-LEGACY
mass-00040633,2026-05-04,4800,PDP-LEGACY
mass-00040633,2026-05-11,2304,PDP-LEGACY
mass-00040633,2026-05-18,3840,PDP-LEGACY
mass-00040633,2026-05-25,3840,PDP-LEGACY
mass-00040633,2026-06-01,3840,PDP-LEGACY
mass-00040633,2026-06-08,4080,PDP-LEGACY
mass-00040633,2026-06-15,4080,PDP-LEGACY
mass-00040633,2026-06-22,4080,PDP-LEGACY
mass-00040633,2026-06-29,4800,PDP-LEGACY
mass-00040633,2026-07-06,4800,PDP-LEGACY
mass-00040633,2026-07-13,4800,PDP-LEGACY
mass-00040633,2026-07-20,4200,PDP-LEGACY
mass-00040633,2026-07-27,0,PDP-LEGACY
mass-00040633,2026-08-03,0,PDP-LEGACY
mass-00040633,2026-08-10,0,PDP-LEGACY
mass-00040633,2026-08-17,5100,PDP-LEGACY
mass-00040633,2026-08-24,4560,PDP-LEGACY
mass-00040633,2026-08-31,4560,PDP-LEGACY
mass-00040633,2026-09-07,4560,PDP-LEGACY
mass-00040633,2026-09-14,4560,PDP-LEGACY
mass-00040633,2026-09-21,4560,PDP-LEGACY
mass-00040633,2026-09-28,4560,PDP-LEGACY
mass-00040633,2026-10-05,4200,PDP-LEGACY
mass-00040633,2026-10-12,4200,PDP-LEGACY
mass-00040633,2026-10-19,4200,PDP-LEGACY
mass-00040633,2026-10-26,4200,PDP-LEGACY
mass-00040633,2026-11-02,4200,PDP-LEGACY
mass-00040633,2026-11-09,4200,PDP-LEGACY
mass-00040633,2026-11-16,4200,PDP-LEGACY
mass-00040633,2026-11-23,4200,PDP-LEGACY
mass-00040633,2026-11-30,4200,PDP-LEGACY
mass-00040633,2026-12-07,4200,PDP-LEGACY
mass-00040633,2026-12-14,4200,PDP-LEGACY
mass-00040633,2026-12-21,4200,PDP-LEGACY
mass-00040633,2026-12-28,0,PDP-LEGACY
mass-00040633,2027-01-04,0,PDP-LEGACY
mass-00040633,2027-01-11,4200,PDP-LEGACY
mass-00040633,2027-01-18,4200,PDP-LEGACY
mass-00040633,2027-01-25,4200,PDP-LEGACY
mass-00040633,2027-02-01,4200,PDP-LEGACY
mass-00040633,2027-02-08,4200,PDP-LEGACY
mass-00040633,2027-02-15,4200,PDP-LEGACY
mass-00040633,2027-02-22,4200,PDP-LEGACY
mass-00040633,2027-03-01,4200,PDP-LEGACY
mass-00040633,2027-03-08,4200,PDP-LEGACY
mass-00040633,2027-03-15,4200,PDP-LEGACY
mass-00040633,2027-03-22,4200,PDP-LEGACY
mass-00040633,2027-03-29,4200,PDP-LEGACY
mass-00040633,2027-04-05,4200,PDP-LEGACY
mass-00040633,2027-04-12,4200,PDP-LEGACY
mass-00040633,2027-04-19,4200,PDP-LEGACY
mass-00040633,2027-04-26,4200,PDP-LEGACY
mass-00040633,2027-05-03,4200,PDP-LEGACY
mass-00040633,2027-05-10,4200,PDP-LEGACY
mass-00040633,2027-05-17,4200,PDP-LEGACY
mass-00040633,2027-05-24,4200,PDP-LEGACY
mass-00040633,2027-05-31,4200,PDP-LEGACY
mass-00040633,2027-06-07,4200,PDP-LEGACY
mass-00040633,2027-06-14,4200,PDP-LEGACY
mass-00040633,2027-06-21,4200,PDP-LEGACY
mass-00040922,2026-03-09,4093.75,PDP-LEGACY
mass-00040922,2026-03-16,2068.75,PDP-LEGACY
mass-00040922,2026-03-23,1562.5,PDP-LEGACY
mass-00040922,2026-03-30,1562.5,PDP-LEGACY
mass-00040922,2026-04-06,5000,PDP-LEGACY
mass-00040922,2026-04-13,2500,PDP-LEGACY
mass-00040922,2026-04-20,2500,PDP-LEGACY
mass-00040922,2026-04-27,2500,PDP-LEGACY
mass-00040922,2026-05-04,2500,PDP-LEGACY
mass-00040922,2026-05-11,1500,PDP-LEGACY
mass-00040922,2026-05-18,1500,PDP-LEGACY
mass-00040922,2026-05-25,2500,PDP-LEGACY
mass-00040922,2026-06-01,2000,PDP-LEGACY
mass-00040922,2026-06-08,2000,PDP-LEGACY
mass-00040922,2026-06-15,2000,PDP-LEGACY
mass-00040922,2026-06-22,2000,PDP-LEGACY
mass-00040922,2026-06-29,2500,PDP-LEGACY
mass-00040922,2026-07-06,2500,PDP-LEGACY
mass-00040922,2026-07-13,2500,PDP-LEGACY
mass-00040922,2026-07-20,2500,PDP-LEGACY
mass-00040922,2026-07-27,0,PDP-LEGACY
mass-00040922,2026-08-03,0,PDP-LEGACY
mass-00040922,2026-08-10,0,PDP-LEGACY
mass-00040922,2026-08-17,1125,PDP-LEGACY
mass-00040922,2026-08-24,1125,PDP-LEGACY
mass-00040922,2026-08-31,2125,PDP-LEGACY
mass-00040922,2026-09-07,2125,PDP-LEGACY
mass-00040922,2026-09-14,2500,PDP-LEGACY
mass-00040922,2026-09-21,2500,PDP-LEGACY
mass-00040922,2026-09-28,2500,PDP-LEGACY
mass-00040922,2026-10-05,2500,PDP-LEGACY
mass-00040922,2026-10-12,2500,PDP-LEGACY
mass-00040922,2026-10-19,2500,PDP-LEGACY
mass-00040922,2026-10-26,2500,PDP-LEGACY
mass-00040922,2026-11-02,2500,PDP-LEGACY
mass-00040922,2026-11-09,2500,PDP-LEGACY
mass-00040922,2026-11-16,2500,PDP-LEGACY
mass-00040922,2026-11-23,2500,PDP-LEGACY
mass-00040922,2026-11-30,2500,PDP-LEGACY
mass-00040922,2026-12-07,2500,PDP-LEGACY
mass-00040922,2026-12-14,2500,PDP-LEGACY
mass-00040922,2026-12-21,2500,PDP-LEGACY
mass-00040922,2026-12-28,0,PDP-LEGACY
mass-00040922,2027-01-04,0,PDP-LEGACY
mass-00040922,2027-01-11,2500,PDP-LEGACY
mass-00040922,2027-01-18,2500,PDP-LEGACY
mass-00040922,2027-01-25,2500,PDP-LEGACY
mass-00040922,2027-02-01,2500,PDP-LEGACY
mass-00040922,2027-02-08,2500,PDP-LEGACY
mass-00040922,2027-02-15,2500,PDP-LEGACY
mass-00040922,2027-02-22,2500,PDP-LEGACY
mass-00040922,2027-03-01,2500,PDP-LEGACY
mass-00040922,2027-03-08,2500,PDP-LEGACY
mass-00040922,2027-03-15,2500,PDP-LEGACY
mass-00040922,2027-03-22,2500,PDP-LEGACY
mass-00040922,2027-03-29,2500,PDP-LEGACY
mass-00040922,2027-04-05,2500,PDP-LEGACY
mass-00040922,2027-04-12,2500,PDP-LEGACY
mass-00040922,2027-04-19,2500,PDP-LEGACY
mass-00040922,2027-04-26,2500,PDP-LEGACY
mass-00040922,2027-05-03,2500,PDP-LEGACY
mass-00040922,2027-05-10,2500,PDP-LEGACY
mass-00040922,2027-05-17,2500,PDP-LEGACY
mass-00040922,2027-05-24,2500,PDP-LEGACY
mass-00040922,2027-05-31,2500,PDP-LEGACY
mass-00040922,2027-06-07,2500,PDP-LEGACY
mass-00040922,2027-06-14,2500,PDP-LEGACY
mass-00040922,2027-06-21,2500,PDP-LEGACY
prog-usinage-main-m3,2027-01-04,0,PDP-LEGACY
prog-usinage-main-m4,2027-01-04,0,PDP-LEGACY
prog-usinage-covers-m3,2027-01-04,0,PDP-LEGACY
prog-usinage-covers-m4,2027-01-04,0,PDP-LEGACY
prog-assemblage-m2-bev,2027-01-04,0,PDP-LEGACY
prog-assemblage-m2-erad,2027-01-04,0,PDP-LEGACY
mass-00044322,2026-03-09,720,PDP-LEGACY
mass-00044322,2026-03-16,720,PDP-LEGACY
mass-00044322,2026-03-23,720,PDP-LEGACY
mass-00044322,2026-03-30,720,PDP-LEGACY
mass-00044322,2026-04-06,1200,PDP-LEGACY
mass-00044322,2026-04-13,1680,PDP-LEGACY
mass-00044322,2026-04-20,1920,PDP-LEGACY
mass-00044322,2026-04-27,1920,PDP-LEGACY
mass-00044322,2026-05-04,1920,PDP-LEGACY
mass-00044322,2026-05-11,1920,PDP-LEGACY
mass-00044322,2026-05-18,3600,PDP-LEGACY
mass-00044322,2026-05-25,3360,PDP-LEGACY
mass-00044322,2026-06-01,3840,PDP-LEGACY
mass-00044322,2026-06-08,3840,PDP-LEGACY
mass-00044322,2026-06-15,3840,PDP-LEGACY
mass-00044322,2026-06-22,3840,PDP-LEGACY
mass-00044322,2026-06-29,4200,PDP-LEGACY
mass-00044322,2026-07-06,4200,PDP-LEGACY
mass-00044322,2026-07-13,4200,PDP-LEGACY
mass-00044322,2026-07-20,4200,PDP-LEGACY
mass-00044322,2026-07-27,3000,PDP-LEGACY
mass-00044322,2026-08-03,1500,PDP-LEGACY
mass-00044322,2026-08-10,1500,PDP-LEGACY
mass-00044322,2026-08-17,2940,PDP-LEGACY
mass-00044322,2026-08-24,2040,PDP-LEGACY
mass-00044322,2026-08-31,3840,PDP-LEGACY
mass-00044322,2026-09-07,3540,PDP-LEGACY
mass-00044322,2026-09-14,2220,PDP-LEGACY
mass-00044322,2026-09-21,3900,PDP-LEGACY
mass-00044322,2026-09-28,3900,PDP-LEGACY
mass-00044322,2026-10-05,4200,PDP-LEGACY
mass-00044322,2026-10-12,4200,PDP-LEGACY
mass-00044322,2026-10-19,4200,PDP-LEGACY
mass-00044322,2026-10-26,4200,PDP-LEGACY
mass-00044322,2026-11-02,4200,PDP-LEGACY
mass-00044322,2026-11-09,4200,PDP-LEGACY
mass-00044322,2026-11-16,4200,PDP-LEGACY
mass-00044322,2026-11-23,4200,PDP-LEGACY
mass-00044322,2026-11-30,4200,PDP-LEGACY
mass-00044322,2026-12-07,4200,PDP-LEGACY
mass-00044322,2026-12-14,4200,PDP-LEGACY
mass-00044322,2026-12-21,4200,PDP-LEGACY
mass-00044322,2026-12-28,0,PDP-LEGACY
mass-00044322,2027-01-04,0,PDP-LEGACY
mass-00044322,2027-01-11,4200,PDP-LEGACY
mass-00044322,2027-01-18,4200,PDP-LEGACY
mass-00044322,2027-01-25,4200,PDP-LEGACY
mass-00044322,2027-02-01,4200,PDP-LEGACY
mass-00044322,2027-02-08,4200,PDP-LEGACY
mass-00044322,2027-02-15,4200,PDP-LEGACY
mass-00044322,2027-02-22,4200,PDP-LEGACY
mass-00044322,2027-03-01,4200,PDP-LEGACY
mass-00044322,2027-03-08,4200,PDP-LEGACY
mass-00044322,2027-03-15,4200,PDP-LEGACY
mass-00044322,2027-03-22,4200,PDP-LEGACY
mass-00044322,2027-03-29,4200,PDP-LEGACY
mass-00038804,2026-03-09,0,PDP-LEGACY
mass-00038804,2026-03-16,0,PDP-LEGACY
mass-00038804,2026-03-23,0,PDP-LEGACY
mass-00038804,2026-03-30,315,PDP-LEGACY
mass-00038804,2026-04-06,315,PDP-LEGACY
mass-00038804,2026-04-13,0,PDP-LEGACY
mass-00038804,2026-04-20,315,PDP-LEGACY
mass-00038804,2026-04-27,0,PDP-LEGACY
mass-00038804,2026-05-04,0,PDP-LEGACY
mass-00038804,2026-05-11,0,PDP-LEGACY
mass-00038804,2026-05-18,0,PDP-LEGACY
mass-00038804,2026-05-25,225,PDP-LEGACY
mass-00038804,2026-06-01,0,PDP-LEGACY
mass-00038804,2026-06-08,0,PDP-LEGACY
mass-00038804,2026-06-15,625,PDP-LEGACY
mass-00038804,2026-06-22,0,PDP-LEGACY
mass-00038804,2026-06-29,250,PDP-LEGACY
mass-00038804,2026-07-06,250,PDP-LEGACY
mass-00038804,2026-07-13,250,PDP-LEGACY
mass-00038804,2026-07-20,310,PDP-LEGACY
mass-00038804,2026-07-27,0,PDP-LEGACY
mass-00038804,2026-08-03,0,PDP-LEGACY
mass-00038804,2026-08-10,0,PDP-LEGACY
mass-00038804,2026-08-17,0,PDP-LEGACY
mass-00038804,2026-08-24,0,PDP-LEGACY
mass-00038804,2026-08-31,630,PDP-LEGACY
mass-00038804,2026-09-07,630,PDP-LEGACY
mass-00038804,2026-09-14,0,PDP-LEGACY
mass-00038804,2026-09-21,0,PDP-LEGACY
mass-00038804,2026-09-28,630,PDP-LEGACY
mass-00038804,2026-10-05,0,PDP-LEGACY
mass-00038804,2026-10-12,310,PDP-LEGACY
mass-00038804,2026-10-19,310,PDP-LEGACY
mass-00038804,2026-10-26,310,PDP-LEGACY
mass-00038804,2026-11-02,310,PDP-LEGACY
mass-00038804,2026-11-09,310,PDP-LEGACY
mass-00038804,2026-11-16,310,PDP-LEGACY
mass-00038804,2026-11-23,310,PDP-LEGACY
mass-00038804,2026-11-30,310,PDP-LEGACY
mass-00038804,2026-12-07,310,PDP-LEGACY
mass-00038804,2026-12-14,310,PDP-LEGACY
mass-00038804,2026-12-21,310,PDP-LEGACY
mass-00038804,2026-12-28,0,PDP-LEGACY
mass-00038804,2027-01-04,0,PDP-LEGACY
mass-00038804,2027-01-11,310,PDP-LEGACY
mass-00038804,2027-01-18,310,PDP-LEGACY
mass-00038804,2027-01-25,310,PDP-LEGACY
mass-00038804,2027-02-01,310,PDP-LEGACY
mass-00038804,2027-02-08,310,PDP-LEGACY
mass-00038804,2027-02-15,310,PDP-LEGACY
mass-00038804,2027-02-22,310,PDP-LEGACY
mass-00038804,2027-03-01,310,PDP-LEGACY
mass-00038804,2027-03-08,310,PDP-LEGACY
mass-00038804,2027-03-15,310,PDP-LEGACY
mass-00038804,2027-03-22,310,PDP-LEGACY
mass-00038804,2027-03-29,310,PDP-LEGACY
mass-00042751,2026-03-09,875,PDP-LEGACY
mass-00042751,2026-03-16,375,PDP-LEGACY
mass-00042751,2026-03-23,875,PDP-LEGACY
mass-00042751,2026-03-30,937.5,PDP-LEGACY
mass-00042751,2026-04-06,937.5,PDP-LEGACY
mass-00042751,2026-04-13,937.5,PDP-LEGACY
mass-00042751,2026-04-20,937.5,PDP-LEGACY
mass-00042751,2026-04-27,937.5,PDP-LEGACY
mass-00042751,2026-05-04,625,PDP-LEGACY
mass-00042751,2026-05-11,1250,PDP-LEGACY
mass-00042751,2026-05-18,875,PDP-LEGACY
mass-00042751,2026-05-25,1250,PDP-LEGACY
mass-00042751,2026-06-01,1562.5,PDP-LEGACY
mass-00042751,2026-06-08,1562.5,PDP-LEGACY
mass-00042751,2026-06-15,937.5,PDP-LEGACY
mass-00042751,2026-06-22,1375,PDP-LEGACY
mass-00042751,2026-06-29,1250,PDP-LEGACY
mass-00042751,2026-07-06,1250,PDP-LEGACY
mass-00042751,2026-07-13,1250,PDP-LEGACY
mass-00042751,2026-07-20,1250,PDP-LEGACY
mass-00042751,2026-07-27,1250,PDP-LEGACY
mass-00042751,2026-08-03,0,PDP-LEGACY
mass-00042751,2026-08-10,0,PDP-LEGACY
mass-00042751,2026-08-17,937.5,PDP-LEGACY
mass-00042751,2026-08-24,875,PDP-LEGACY
mass-00042751,2026-08-31,875,PDP-LEGACY
mass-00042751,2026-09-07,875,PDP-LEGACY
mass-00042751,2026-09-14,1250,PDP-LEGACY
mass-00042751,2026-09-21,0,PDP-LEGACY
mass-00042751,2026-09-28,1250,PDP-LEGACY
mass-00042751,2026-10-05,1250,PDP-LEGACY
mass-00042751,2026-10-12,1250,PDP-LEGACY
mass-00042751,2026-10-19,1250,PDP-LEGACY
mass-00042751,2026-10-26,1250,PDP-LEGACY
mass-00042751,2026-11-02,1250,PDP-LEGACY
mass-00042751,2026-11-09,1250,PDP-LEGACY
mass-00042751,2026-11-16,1250,PDP-LEGACY
mass-00042751,2026-11-23,1250,PDP-LEGACY
mass-00042751,2026-11-30,1250,PDP-LEGACY
mass-00042751,2026-12-07,1250,PDP-LEGACY
mass-00042751,2026-12-14,1250,PDP-LEGACY
mass-00042751,2026-12-21,1250,PDP-LEGACY
mass-00042751,2026-12-28,0,PDP-LEGACY
mass-00042751,2027-01-04,0,PDP-LEGACY
mass-00042751,2027-01-11,1250,PDP-LEGACY
mass-00042751,2027-01-18,1250,PDP-LEGACY
mass-00042751,2027-01-25,1250,PDP-LEGACY
mass-00042751,2027-02-01,1250,PDP-LEGACY
mass-00042751,2027-02-08,1250,PDP-LEGACY
mass-00042751,2027-02-15,1250,PDP-LEGACY
mass-00042751,2027-02-22,1250,PDP-LEGACY
mass-00042751,2027-03-01,1250,PDP-LEGACY
mass-00042751,2027-03-08,1250,PDP-LEGACY
mass-00042751,2027-03-15,1250,PDP-LEGACY
mass-00042751,2027-03-22,1250,PDP-LEGACY
mass-00042751,2027-03-29,1250,PDP-LEGACY
mass-00043530,2026-03-09,16000,PDP-LEGACY
mass-00043530,2026-03-16,16000,PDP-LEGACY
mass-00043530,2026-03-23,16000,PDP-LEGACY
mass-00043530,2026-03-30,16000,PDP-LEGACY
mass-00043530,2026-04-06,12800,PDP-LEGACY
mass-00043530,2026-04-13,16000,PDP-LEGACY
mass-00043530,2026-04-20,16000,PDP-LEGACY
mass-00043530,2026-04-27,12800,PDP-LEGACY
mass-00043530,2026-05-04,12800,PDP-LEGACY
mass-00043530,2026-05-11,9600,PDP-LEGACY
mass-00043530,2026-05-18,16000,PDP-LEGACY
mass-00043530,2026-05-25,12800,PDP-LEGACY
mass-00043530,2026-06-01,12800,PDP-LEGACY
mass-00043530,2026-06-08,12000,PDP-LEGACY
mass-00043530,2026-06-15,12000,PDP-LEGACY
mass-00043530,2026-06-22,16000,PDP-LEGACY
mass-00043530,2026-06-29,17500,PDP-LEGACY
mass-00043530,2026-07-06,17500,PDP-LEGACY
mass-00043530,2026-07-13,17500,PDP-LEGACY
mass-00043530,2026-07-20,17500,PDP-LEGACY
mass-00043530,2026-07-27,0,PDP-LEGACY
mass-00043530,2026-08-03,6000,PDP-LEGACY
mass-00043530,2026-08-10,6000,PDP-LEGACY
mass-00043530,2026-08-17,17500,PDP-LEGACY
mass-00043530,2026-08-24,17500,PDP-LEGACY
mass-00043530,2026-08-31,17500,PDP-LEGACY
mass-00043530,2026-09-07,16000,PDP-LEGACY
mass-00043530,2026-09-14,17500,PDP-LEGACY
mass-00043530,2026-09-21,17500,PDP-LEGACY
mass-00043530,2026-09-28,17500,PDP-LEGACY
mass-00043530,2026-10-05,17500,PDP-LEGACY
mass-00043530,2026-10-12,17500,PDP-LEGACY
mass-00043530,2026-10-19,17500,PDP-LEGACY
mass-00043530,2026-10-26,17500,PDP-LEGACY
mass-00043530,2026-11-02,17500,PDP-LEGACY
mass-00043530,2026-11-09,17500,PDP-LEGACY
mass-00043530,2026-11-16,17500,PDP-LEGACY
mass-00043530,2026-11-23,17500,PDP-LEGACY
mass-00043530,2026-11-30,17500,PDP-LEGACY
mass-00043530,2026-12-07,17500,PDP-LEGACY
mass-00043530,2026-12-14,17500,PDP-LEGACY
mass-00043530,2026-12-21,17500,PDP-LEGACY
mass-00043530,2026-12-28,0,PDP-LEGACY
mass-00043530,2027-01-04,0,PDP-LEGACY
mass-00043530,2027-01-11,17500,PDP-LEGACY
mass-00043530,2027-01-18,17500,PDP-LEGACY
mass-00043530,2027-01-25,17500,PDP-LEGACY
mass-00043530,2027-02-01,17500,PDP-LEGACY
mass-00043530,2027-02-08,17500,PDP-LEGACY
mass-00043530,2027-02-15,17500,PDP-LEGACY
mass-00043530,2027-02-22,17500,PDP-LEGACY
mass-00043530,2027-03-01,17500,PDP-LEGACY
mass-00043530,2027-03-08,17500,PDP-LEGACY
mass-00043530,2027-03-15,17500,PDP-LEGACY
mass-00043530,2027-03-22,17500,PDP-LEGACY
mass-00043530,2027-03-29,17500,PDP-LEGACY
mass-00044253,2026-03-09,1152,PDP-LEGACY
mass-00044253,2026-03-16,1152,PDP-LEGACY
mass-00044253,2026-03-23,1152,PDP-LEGACY
mass-00044253,2026-03-30,1008,PDP-LEGACY
mass-00044253,2026-04-06,1008,PDP-LEGACY
mass-00044253,2026-04-13,0,PDP-LEGACY
mass-00044253,2026-04-20,1008,PDP-LEGACY
mass-00044253,2026-04-27,0,PDP-LEGACY
mass-00044253,2026-05-04,0,PDP-LEGACY
mass-00044253,2026-05-11,0,PDP-LEGACY
mass-00044253,2026-05-18,0,PDP-LEGACY
mass-00044253,2026-05-25,0,PDP-LEGACY
mass-00044253,2026-06-01,0,PDP-LEGACY
mass-00044253,2026-06-08,0,PDP-LEGACY
mass-00044253,2026-06-15,2016,PDP-LEGACY
mass-00044253,2026-06-22,0,PDP-LEGACY
mass-00044253,2026-06-29,1000,PDP-LEGACY
mass-00044253,2026-07-06,1000,PDP-LEGACY
mass-00044253,2026-07-13,1000,PDP-LEGACY
mass-00044253,2026-07-20,1000,PDP-LEGACY
mass-00044253,2026-07-27,0,PDP-LEGACY
mass-00044253,2026-08-03,0,PDP-LEGACY
mass-00044253,2026-08-10,0,PDP-LEGACY
mass-00044253,2026-08-17,0,PDP-LEGACY
mass-00044253,2026-08-24,0,PDP-LEGACY
mass-00044253,2026-08-31,0,PDP-LEGACY
mass-00044253,2026-09-07,2016,PDP-LEGACY
mass-00044253,2026-09-14,2016,PDP-LEGACY
mass-00044253,2026-09-21,0,PDP-LEGACY
mass-00044253,2026-09-28,2016,PDP-LEGACY
mass-00044253,2026-10-05,1000,PDP-LEGACY
mass-00044253,2026-10-12,1000,PDP-LEGACY
mass-00044253,2026-10-19,1000,PDP-LEGACY
mass-00044253,2026-10-26,1000,PDP-LEGACY
mass-00044253,2026-11-02,1000,PDP-LEGACY
mass-00044253,2026-11-09,1000,PDP-LEGACY
mass-00044253,2026-11-16,1000,PDP-LEGACY
mass-00044253,2026-11-23,1000,PDP-LEGACY
mass-00044253,2026-11-30,1000,PDP-LEGACY
mass-00044253,2026-12-07,1000,PDP-LEGACY
mass-00044253,2026-12-14,1000,PDP-LEGACY
mass-00044253,2026-12-21,1000,PDP-LEGACY
mass-00044253,2026-12-28,0,PDP-LEGACY
mass-00044253,2027-01-04,0,PDP-LEGACY
mass-00044253,2027-01-11,1000,PDP-LEGACY
mass-00044253,2027-01-18,1000,PDP-LEGACY
mass-00044253,2027-01-25,1000,PDP-LEGACY
mass-00044253,2027-02-01,1000,PDP-LEGACY
mass-00044253,2027-02-08,1000,PDP-LEGACY
mass-00044253,2027-02-15,1000,PDP-LEGACY
mass-00044253,2027-02-22,1000,PDP-LEGACY
mass-00044253,2027-03-01,1000,PDP-LEGACY
mass-00044253,2027-03-08,1000,PDP-LEGACY
mass-00044253,2027-03-15,1000,PDP-LEGACY
mass-00044253,2027-03-22,1000,PDP-LEGACY
mass-00044253,2027-03-29,1000,PDP-LEGACY
mass-00007041,2026-03-09,4000,PDP-LEGACY
mass-00007041,2026-03-16,2400,PDP-LEGACY
mass-00007041,2026-03-23,5000,PDP-LEGACY
mass-00007041,2026-03-30,3200,PDP-LEGACY
mass-00007041,2026-04-06,3200,PDP-LEGACY
mass-00007041,2026-04-13,4000,PDP-LEGACY
mass-00007041,2026-04-20,4000,PDP-LEGACY
mass-00007041,2026-04-27,4000,PDP-LEGACY
mass-00007041,2026-05-04,6000,PDP-LEGACY
mass-00007041,2026-05-11,0,PDP-LEGACY
mass-00007041,2026-05-18,4800,PDP-LEGACY
mass-00007041,2026-05-25,5000,PDP-LEGACY
mass-00007041,2026-06-01,5000,PDP-LEGACY
mass-00007041,2026-06-08,0,PDP-LEGACY
mass-00007041,2026-06-15,4000,PDP-LEGACY
mass-00007041,2026-06-22,4000,PDP-LEGACY
mass-00007041,2026-06-29,5000,PDP-LEGACY
mass-00007041,2026-07-06,5000,PDP-LEGACY
mass-00007041,2026-07-13,5000,PDP-LEGACY
mass-00007041,2026-07-20,4000,PDP-LEGACY
mass-00007041,2026-07-27,0,PDP-LEGACY
mass-00007041,2026-08-03,0,PDP-LEGACY
mass-00007041,2026-08-10,0,PDP-LEGACY
mass-00007041,2026-08-17,0,PDP-LEGACY
mass-00007041,2026-08-24,2400,PDP-LEGACY
mass-00007041,2026-08-31,2160,PDP-LEGACY
mass-00007041,2026-09-07,2160,PDP-LEGACY
mass-00007041,2026-09-14,2160,PDP-LEGACY
mass-00007041,2026-09-21,4080,PDP-LEGACY
mass-00007041,2026-09-28,4080,PDP-LEGACY
mass-00007041,2026-10-05,4000,PDP-LEGACY
mass-00007041,2026-10-12,4000,PDP-LEGACY
mass-00007041,2026-10-19,4000,PDP-LEGACY
mass-00007041,2026-10-26,4000,PDP-LEGACY
mass-00007041,2026-11-02,4000,PDP-LEGACY
mass-00007041,2026-11-09,4000,PDP-LEGACY
mass-00007041,2026-11-16,4000,PDP-LEGACY
mass-00007041,2026-11-23,4000,PDP-LEGACY
mass-00007041,2026-11-30,4000,PDP-LEGACY
mass-00007041,2026-12-07,4000,PDP-LEGACY
mass-00007041,2026-12-14,4000,PDP-LEGACY
mass-00007041,2026-12-21,4000,PDP-LEGACY
mass-00007041,2026-12-28,0,PDP-LEGACY
mass-00007041,2027-01-04,0,PDP-LEGACY
mass-00007041,2027-01-11,4000,PDP-LEGACY
mass-00007041,2027-01-18,4000,PDP-LEGACY
mass-00007041,2027-01-25,4000,PDP-LEGACY
mass-00007041,2027-02-01,4000,PDP-LEGACY
mass-00007041,2027-02-08,4000,PDP-LEGACY
mass-00007041,2027-02-15,4000,PDP-LEGACY
mass-00007041,2027-02-22,4000,PDP-LEGACY
mass-00007041,2027-03-01,4000,PDP-LEGACY
mass-00007041,2027-03-08,4000,PDP-LEGACY
mass-00007041,2027-03-15,4000,PDP-LEGACY
mass-00007041,2027-03-22,4000,PDP-LEGACY
mass-00007041,2027-03-29,4000,PDP-LEGACY
