order_id,article_id,supplier_id,supplier_name,order_type,expected_date,qty_ordered,qty_open,purch_id,commitment
PO-000001,P-00001046,S-000545,ELANTAS EUROPE S.R.L.,FIRM,2026-04-01,1600.0,0.0,PO-000001,Ferme
PO-000003,P-00001046,S-000545,ELANTAS EUROPE S.R.L.,FIRM,2026-04-15,1600.0,0.0,PO-000003,Ferme
PO-000009,P-00001046,S-000545,ELANTAS EUROPE S.R.L.,FIRM,2026-06-24,1600.0,0.0,PO-000009,Ferme
PO-000010,P-00001046,S-000545,ELANTAS EUROPE S.R.L.,FIRM,2026-06-26,3200.0,0.0,PO-000010,Ferme
PO-000012,P-00001046,S-000545,ELANTAS EUROPE S.R.L.,FIRM,2026-07-22,1600.0,0.0,PO-000012,Ferme
PO-000015,P-00001046,S-000545,ELANTAS EUROPE S.R.L.,FIRM,2026-09-16,1600.0,0.0,PO-000015,Ferme
PO-000016,P-00001046,S-000545,ELANTAS EUROPE S.R.L.,FIRM,2026-09-30,1600.0,1600.0,PO-000016,Ferme
PO-000017,P-00001046,S-000545,ELANTAS EUROPE S.R.L.,FIRM,2026-10-07,1600.0,1600.0,PO-000017,Ferme
PO-000018,P-00001046,S-000545,ELANTAS EUROPE S.R.L.,FORECAST,2026-10-21,1600.0,1600.0,PO-000018,Prévisionnel
PO-000019,P-00001046,S-000545,ELANTAS EUROPE S.R.L.,FORECAST,2026-10-28,1600.0,1600.0,PO-000019,Prévisionnel
PO-000020,P-00001046,S-000545,ELANTAS EUROPE S.R.L.,FORECAST,2026-11-04,1600.0,1600.0,PO-000020,Prévisionnel
PO-000021,P-00001046,S-000545,ELANTAS EUROPE S.R.L.,FORECAST,2026-11-11,1600.0,1600.0,PO-000021,Prévisionnel
PO-000022,P-00001046,S-000545,ELANTAS EUROPE S.R.L.,FORECAST,2026-11-18,1600.0,1600.0,PO-000022,Prévisionnel
PO-000023,P-00001046,S-000545,ELANTAS EUROPE S.R.L.,FORECAST,2026-12-02,1600.0,1600.0,PO-000023,Prévisionnel
PO-000024,P-00001046,S-000545,ELANTAS EUROPE S.R.L.,FORECAST,2026-12-09,1600.0,1600.0,PO-000024,Prévisionnel
PO-000025,P-00001046,S-000545,ELANTAS EUROPE S.R.L.,FORECAST,2026-12-16,1600.0,1600.0,PO-000025,Prévisionnel
PO-000026,P-00001046,S-000545,ELANTAS EUROPE S.R.L.,FORECAST,2027-01-13,1600.0,1600.0,PO-000026,Prévisionnel
PO-000027,P-00001046,S-000545,ELANTAS EUROPE S.R.L.,FORECAST,2027-01-20,1600.0,1600.0,PO-000027,Prévisionnel
PO-000028,P-00001046,S-000545,ELANTAS EUROPE S.R.L.,FORECAST,2027-01-27,1600.0,1600.0,PO-000028,Prévisionnel
PO-000029,P-00001046,S-000545,ELANTAS EUROPE S.R.L.,FORECAST,2027-02-03,1600.0,1600.0,PO-000029,Prévisionnel
PO-000030,P-00001046,S-000545,ELANTAS EUROPE S.R.L.,FORECAST,2027-02-10,1600.0,1600.0,PO-000030,Prévisionnel
PO-000031,P-00001046,S-000545,ELANTAS EUROPE S.R.L.,FORECAST,2027-02-17,1600.0,1600.0,PO-000031,Prévisionnel
PO-000032,P-00001046,S-000545,ELANTAS EUROPE S.R.L.,FORECAST,2027-02-24,1600.0,1600.0,PO-000032,Prévisionnel
PO-000033,P-00001046,S-000545,ELANTAS EUROPE S.R.L.,FORECAST,2027-03-03,1600.0,1600.0,PO-000033,Prévisionnel
PO-000034,P-00001046,S-000545,ELANTAS EUROPE S.R.L.,FORECAST,2027-03-17,1600.0,1600.0,PO-000034,Prévisionnel
PO-000035,P-00001046,S-000545,ELANTAS EUROPE S.R.L.,FORECAST,2027-03-24,1600.0,1600.0,PO-000035,Prévisionnel
PO-000036,P-00001046,S-000545,ELANTAS EUROPE S.R.L.,FORECAST,2027-03-31,1600.0,1600.0,PO-000036,Prévisionnel
PO-000038,P-00003751,S-000599,ENNOVI Czech Republic,FIRM,2026-03-26,2970.0,0.0,PO-000038,Ferme
PO-000039,P-00003751,S-000599,ENNOVI Czech Republic,FIRM,2026-04-02,4050.0,0.0,PO-000039,Ferme
PO-000040,P-00003751,S-000599,ENNOVI Czech Republic,FIRM,2026-04-09,3645.0,0.0,PO-000040,Ferme
PO-000042,P-00003751,S-000599,ENNOVI Czech Republic,FIRM,2026-04-23,3510.0,0.0,PO-000042,Ferme
PO-000043,P-00003751,S-000599,ENNOVI Czech Republic,FIRM,2026-04-30,6345.0,0.0,PO-000043,Ferme
PO-000044,P-00003751,S-000599,ENNOVI Czech Republic,FIRM,2026-05-07,4050.0,0.0,PO-000044,Ferme
PO-000046,P-00003751,S-000599,ENNOVI Czech Republic,FIRM,2026-05-21,3240.0,0.0,PO-000046,Ferme
PO-000051,P-00003751,S-000599,ENNOVI Czech Republic,FIRM,2026-06-11,2700.0,0.0,PO-000051,Ferme
PO-000056,P-00003751,S-000599,ENNOVI Czech Republic,FIRM,2026-07-02,3780.0,0.0,PO-000056,Ferme
PO-000058,P-00003751,S-000599,ENNOVI Czech Republic,FIRM,2026-07-16,3780.0,0.0,PO-000058,Ferme
PO-000060,P-00003751,S-000599,ENNOVI Czech Republic,FIRM,2026-08-18,1350.0,0.0,PO-000060,Ferme
PO-000061,P-00003751,S-000599,ENNOVI Czech Republic,FIRM,2026-08-25,1890.0,0.0,PO-000061,Ferme
PO-000062,P-00003751,S-000599,ENNOVI Czech Republic,FIRM,2026-09-01,4050.0,0.0,PO-000062,Ferme
PO-000063,P-00003751,S-000599,ENNOVI Czech Republic,FIRM,2026-09-08,4320.0,0.0,PO-000063,Ferme
PO-000065,P-00003751,S-000599,ENNOVI Czech Republic,FIRM,2026-09-22,4320.0,4320.0,PO-000065,Ferme
PO-000066,P-00003751,S-000599,ENNOVI Czech Republic,FIRM,2026-09-27,4725.0,4725.0,PO-000066,Ferme
PO-000067,P-00003751,S-000599,ENNOVI Czech Republic,FIRM,2026-10-01,1350.0,1350.0,PO-000067,Ferme
PO-000068,P-00003751,S-000599,ENNOVI Czech Republic,FIRM,2026-10-08,4050.0,4050.0,PO-000068,Ferme
PO-000069,P-00003751,S-000599,ENNOVI Czech Republic,FIRM,2026-10-15,4050.0,4050.0,PO-000069,Ferme
PO-000070,P-00003751,S-000599,ENNOVI Czech Republic,FORECAST,2026-10-22,4320.0,4320.0,PO-000070,Prévisionnel
PO-000071,P-00003751,S-000599,ENNOVI Czech Republic,FORECAST,2026-10-29,4050.0,4050.0,PO-000071,Prévisionnel
PO-000072,P-00003751,S-000599,ENNOVI Czech Republic,FORECAST,2026-11-05,4320.0,4320.0,PO-000072,Prévisionnel
PO-000073,P-00003751,S-000599,ENNOVI Czech Republic,FORECAST,2026-11-12,4185.0,4185.0,PO-000073,Prévisionnel
PO-000074,P-00003751,S-000599,ENNOVI Czech Republic,FORECAST,2026-11-19,4185.0,4185.0,PO-000074,Prévisionnel
PO-000075,P-00003751,S-000599,ENNOVI Czech Republic,FORECAST,2026-11-26,4185.0,4185.0,PO-000075,Prévisionnel
PO-000076,P-00003751,S-000599,ENNOVI Czech Republic,FORECAST,2026-12-03,4320.0,4320.0,PO-000076,Prévisionnel
PO-000077,P-00003751,S-000599,ENNOVI Czech Republic,FORECAST,2026-12-10,4320.0,4320.0,PO-000077,Prévisionnel
PO-000078,P-00003751,S-000599,ENNOVI Czech Republic,FORECAST,2026-12-17,4320.0,4320.0,PO-000078,Prévisionnel
PO-000079,P-00003751,S-000599,ENNOVI Czech Republic,FORECAST,2027-01-14,4320.0,4320.0,PO-000079,Prévisionnel
PO-000080,P-00003751,S-000599,ENNOVI Czech Republic,FORECAST,2027-01-21,4320.0,4320.0,PO-000080,Prévisionnel
PO-000081,P-00003751,S-000599,ENNOVI Czech Republic,FORECAST,2027-01-28,4320.0,4320.0,PO-000081,Prévisionnel
PO-000082,P-00003751,S-000599,ENNOVI Czech Republic,FORECAST,2027-02-04,4320.0,4320.0,PO-000082,Prévisionnel
PO-000083,P-00003751,S-000599,ENNOVI Czech Republic,FORECAST,2027-02-11,4320.0,4320.0,PO-000083,Prévisionnel
PO-000084,P-00003751,S-000599,ENNOVI Czech Republic,FORECAST,2027-02-16,4320.0,4320.0,PO-000084,Prévisionnel
PO-000085,P-00003751,S-000599,ENNOVI Czech Republic,FORECAST,2027-02-23,4320.0,4320.0,PO-000085,Prévisionnel
PO-000086,P-00003751,S-000599,ENNOVI Czech Republic,FORECAST,2027-03-02,4320.0,4320.0,PO-000086,Prévisionnel
PO-000087,P-00003751,S-000599,ENNOVI Czech Republic,FORECAST,2027-03-09,4320.0,4320.0,PO-000087,Prévisionnel
PO-000088,P-00003751,S-000599,ENNOVI Czech Republic,FORECAST,2027-03-16,4320.0,4320.0,PO-000088,Prévisionnel
PO-000089,P-00003751,S-000599,ENNOVI Czech Republic,FORECAST,2027-03-23,4320.0,4320.0,PO-000089,Prévisionnel
PO-000090,P-00003751,S-000599,ENNOVI Czech Republic,FORECAST,2027-03-30,4320.0,4320.0,PO-000090,Prévisionnel
PO-000091,P-00003751,S-000599,ENNOVI Czech Republic,FORECAST,2027-04-06,4320.0,4320.0,PO-000091,Prévisionnel
PO-000092,P-00003751,S-000599,ENNOVI Czech Republic,FORECAST,2027-04-13,4320.0,4320.0,PO-000092,Prévisionnel
PO-000093,P-00003751,S-000599,ENNOVI Czech Republic,FORECAST,2027-04-20,4320.0,4320.0,PO-000093,Prévisionnel
PO-000094,P-00003751,S-000599,ENNOVI Czech Republic,FORECAST,2027-04-27,4320.0,4320.0,PO-000094,Prévisionnel
PO-000095,P-00003751,S-000599,ENNOVI Czech Republic,FORECAST,2027-05-04,4320.0,4320.0,PO-000095,Prévisionnel
PO-000096,P-00003751,S-000599,ENNOVI Czech Republic,FORECAST,2027-05-11,4320.0,4320.0,PO-000096,Prévisionnel
PO-000097,P-00003751,S-000599,ENNOVI Czech Republic,FORECAST,2027-05-18,4320.0,4320.0,PO-000097,Prévisionnel
PO-000098,P-00003751,S-000599,ENNOVI Czech Republic,FORECAST,2027-05-25,4320.0,4320.0,PO-000098,Prévisionnel
PO-000099,P-00003751,S-000599,ENNOVI Czech Republic,FORECAST,2027-06-01,4320.0,4320.0,PO-000099,Prévisionnel
PO-000100,P-00003751,S-000599,ENNOVI Czech Republic,FORECAST,2027-06-08,4320.0,4320.0,PO-000100,Prévisionnel
PO-000101,P-00003751,S-000599,ENNOVI Czech Republic,FORECAST,2027-06-15,4320.0,4320.0,PO-000101,Prévisionnel
PO-000102,P-00003751,S-000599,ENNOVI Czech Republic,FORECAST,2027-06-22,4320.0,4320.0,PO-000102,Prévisionnel
PO-000103,P-00003759,S-000186,SCHWERING HASSE ELEKTRODRAHT GMBH,FIRM,2026-03-17,15215.0,0.0,PO-000103,Ferme
PO-000104,P-00003759,S-000186,SCHWERING HASSE ELEKTRODRAHT GMBH,FIRM,2026-03-19,19507.0,0.0,PO-000104,Ferme
PO-000105,P-00003759,S-000186,SCHWERING HASSE ELEKTRODRAHT GMBH,FIRM,2026-03-26,19508.0,0.0,PO-000105,Ferme
PO-000106,P-00003759,S-000186,SCHWERING HASSE ELEKTRODRAHT GMBH,FIRM,2026-03-31,19294.0,0.0,PO-000106,Ferme
PO-000107,P-00003759,S-000186,SCHWERING HASSE ELEKTRODRAHT GMBH,FIRM,2026-04-02,19614.0,0.0,PO-000107,Ferme
PO-000108,P-00003759,S-000186,SCHWERING HASSE ELEKTRODRAHT GMBH,FIRM,2026-04-07,19486.0,0.0,PO-000108,Ferme
PO-000109,P-00003759,S-000186,SCHWERING HASSE ELEKTRODRAHT GMBH,FIRM,2026-04-14,16709.0,0.0,PO-000109,Ferme
PO-000111,P-00003759,S-000186,SCHWERING HASSE ELEKTRODRAHT GMBH,FIRM,2026-04-21,16586.0,0.0,PO-000111,Ferme
PO-000112,P-00003759,S-000186,SCHWERING HASSE ELEKTRODRAHT GMBH,FIRM,2026-04-23,19618.0,0.0,PO-000112,Ferme
PO-000113,P-00003759,S-000186,SCHWERING HASSE ELEKTRODRAHT GMBH,FIRM,2026-04-28,19298.0,0.0,PO-000113,Ferme
PO-000114,P-00003759,S-000186,SCHWERING HASSE ELEKTRODRAHT GMBH,FIRM,2026-04-30,19770.0,0.0,PO-000114,Ferme
PO-000115,P-00003759,S-000186,SCHWERING HASSE ELEKTRODRAHT GMBH,FIRM,2026-05-05,16637.0,0.0,PO-000115,Ferme
PO-000116,P-00003759,S-000186,SCHWERING HASSE ELEKTRODRAHT GMBH,FIRM,2026-05-07,19518.0,0.0,PO-000116,Ferme
PO-000117,P-00003759,S-000186,SCHWERING HASSE ELEKTRODRAHT GMBH,FIRM,2026-05-12,19644.0,0.0,PO-000117,Ferme
PO-000118,P-00003759,S-000186,SCHWERING HASSE ELEKTRODRAHT GMBH,FIRM,2026-05-19,16600.0,0.0,PO-000118,Ferme
PO-000119,P-00003759,S-000186,SCHWERING HASSE ELEKTRODRAHT GMBH,FIRM,2026-05-26,19261.0,0.0,PO-000119,Ferme
PO-000120,P-00003759,S-000186,SCHWERING HASSE ELEKTRODRAHT GMBH,FIRM,2026-06-02,19880.0,0.0,PO-000120,Ferme
PO-000121,P-00003759,S-000186,SCHWERING HASSE ELEKTRODRAHT GMBH,FIRM,2026-06-09,16658.0,0.0,PO-000121,Ferme
PO-000122,P-00003759,S-000186,SCHWERING HASSE ELEKTRODRAHT GMBH,FIRM,2026-06-16,36920.0,0.0,PO-000122,Ferme
PO-000123,P-00003759,S-000186,SCHWERING HASSE ELEKTRODRAHT GMBH,FIRM,2026-06-23,19359.0,0.0,PO-000123,Ferme
PO-000124,P-00003759,S-000186,SCHWERING HASSE ELEKTRODRAHT GMBH,FIRM,2026-06-30,16699.0,0.0,PO-000124,Ferme
PO-000125,P-00003759,S-000186,SCHWERING HASSE ELEKTRODRAHT GMBH,FIRM,2026-07-01,19243.0,0.0,PO-000125,Ferme
PO-000126,P-00003759,S-000186,SCHWERING HASSE ELEKTRODRAHT GMBH,FIRM,2026-07-07,17689.0,0.0,PO-000126,Ferme
PO-000127,P-00003759,S-000186,SCHWERING HASSE ELEKTRODRAHT GMBH,FIRM,2026-07-13,19753.0,0.0,PO-000127,Ferme
PO-000129,P-00003759,S-000186,SCHWERING HASSE ELEKTRODRAHT GMBH,FIRM,2026-07-21,16624.0,0.0,PO-000129,Ferme
PO-000130,P-00003759,S-000186,SCHWERING HASSE ELEKTRODRAHT GMBH,FIRM,2026-08-20,19093.0,0.0,PO-000130,Ferme
PO-000131,P-00003759,S-000186,SCHWERING HASSE ELEKTRODRAHT GMBH,FIRM,2026-08-27,18176.0,0.0,PO-000131,Ferme
PO-000132,P-00003759,S-000186,SCHWERING HASSE ELEKTRODRAHT GMBH,FIRM,2026-09-03,16627.0,0.0,PO-000132,Ferme
PO-000133,P-00003759,S-000186,SCHWERING HASSE ELEKTRODRAHT GMBH,FIRM,2026-09-10,19441.0,0.0,PO-000133,Ferme
PO-000134,P-00003759,S-000186,SCHWERING HASSE ELEKTRODRAHT GMBH,FIRM,2026-09-17,19624.0,0.0,PO-000134,Ferme
PO-000135,P-00003759,S-000186,SCHWERING HASSE ELEKTRODRAHT GMBH,FIRM,2026-09-24,18460.0,18460.0,PO-000135,Ferme
PO-000136,P-00003759,S-000186,SCHWERING HASSE ELEKTRODRAHT GMBH,FIRM,2026-09-29,19880.0,19880.0,PO-000136,Ferme
PO-000137,P-00003759,S-000186,SCHWERING HASSE ELEKTRODRAHT GMBH,FIRM,2026-10-01,19880.0,19880.0,PO-000137,Ferme
PO-000138,P-00003759,S-000186,SCHWERING HASSE ELEKTRODRAHT GMBH,FIRM,2026-10-06,18460.0,18460.0,PO-000138,Ferme
PO-000139,P-00003759,S-000186,SCHWERING HASSE ELEKTRODRAHT GMBH,FIRM,2026-10-13,18460.0,18460.0,PO-000139,Ferme
PO-000140,P-00003759,S-000186,SCHWERING HASSE ELEKTRODRAHT GMBH,FORECAST,2026-10-20,36920.0,36920.0,PO-000140,Prévisionnel
PO-000141,P-00003759,S-000186,SCHWERING HASSE ELEKTRODRAHT GMBH,FORECAST,2026-10-27,17040.0,17040.0,PO-000141,Prévisionnel
PO-000142,P-00003759,S-000186,SCHWERING HASSE ELEKTRODRAHT GMBH,FORECAST,2026-11-03,38340.0,38340.0,PO-000142,Prévisionnel
PO-000143,P-00003759,S-000186,SCHWERING HASSE ELEKTRODRAHT GMBH,FORECAST,2026-11-10,17040.0,17040.0,PO-000143,Prévisionnel
PO-000144,P-00003759,S-000186,SCHWERING HASSE ELEKTRODRAHT GMBH,FORECAST,2026-11-17,38340.0,38340.0,PO-000144,Prévisionnel
PO-000145,P-00003759,S-000186,SCHWERING HASSE ELEKTRODRAHT GMBH,FORECAST,2026-11-24,17040.0,17040.0,PO-000145,Prévisionnel
PO-000146,P-00003759,S-000186,SCHWERING HASSE ELEKTRODRAHT GMBH,FORECAST,2026-12-01,36920.0,36920.0,PO-000146,Prévisionnel
PO-000147,P-00003759,S-000186,SCHWERING HASSE ELEKTRODRAHT GMBH,FORECAST,2026-12-08,36920.0,36920.0,PO-000147,Prévisionnel
PO-000148,P-00003759,S-000186,SCHWERING HASSE ELEKTRODRAHT GMBH,FORECAST,2026-12-15,18460.0,18460.0,PO-000148,Prévisionnel
PO-000149,P-00003759,S-000186,SCHWERING HASSE ELEKTRODRAHT GMBH,FORECAST,2026-12-22,17040.0,17040.0,PO-000149,Prévisionnel
PO-000150,P-00003759,S-000186,SCHWERING HASSE ELEKTRODRAHT GMBH,FORECAST,2027-01-12,36920.0,36920.0,PO-000150,Prévisionnel
PO-000151,P-00003759,S-000186,SCHWERING HASSE ELEKTRODRAHT GMBH,FORECAST,2027-01-19,36920.0,36920.0,PO-000151,Prévisionnel
PO-000152,P-00003759,S-000186,SCHWERING HASSE ELEKTRODRAHT GMBH,FORECAST,2027-01-26,18460.0,18460.0,PO-000152,Prévisionnel
PO-000153,P-00003759,S-000186,SCHWERING HASSE ELEKTRODRAHT GMBH,FORECAST,2027-02-02,36920.0,36920.0,PO-000153,Prévisionnel
PO-000154,P-00003759,S-000186,SCHWERING HASSE ELEKTRODRAHT GMBH,FORECAST,2027-02-09,38340.0,38340.0,PO-000154,Prévisionnel
PO-000155,P-00003759,S-000186,SCHWERING HASSE ELEKTRODRAHT GMBH,FORECAST,2027-02-16,17040.0,17040.0,PO-000155,Prévisionnel
PO-000156,P-00003759,S-000186,SCHWERING HASSE ELEKTRODRAHT GMBH,FORECAST,2027-02-23,36920.0,36920.0,PO-000156,Prévisionnel
PO-000157,P-00003759,S-000186,SCHWERING HASSE ELEKTRODRAHT GMBH,FORECAST,2027-03-02,18460.0,18460.0,PO-000157,Prévisionnel
PO-000158,P-00003759,S-000186,SCHWERING HASSE ELEKTRODRAHT GMBH,FORECAST,2027-03-09,36920.0,36920.0,PO-000158,Prévisionnel
PO-000159,P-00003759,S-000186,SCHWERING HASSE ELEKTRODRAHT GMBH,FORECAST,2027-03-16,36920.0,36920.0,PO-000159,Prévisionnel
PO-000160,P-00003759,S-000186,SCHWERING HASSE ELEKTRODRAHT GMBH,FORECAST,2027-03-23,18460.0,18460.0,PO-000160,Prévisionnel
PO-000161,P-00003759,S-000186,SCHWERING HASSE ELEKTRODRAHT GMBH,FORECAST,2027-03-30,36920.0,36920.0,PO-000161,Prévisionnel
PO-000162,P-00004583,S-000186,SCHWERING HASSE ELEKTRODRAHT GMBH,FIRM,2026-03-17,2840.0,0.0,PO-000162,Ferme
PO-000163,P-00004583,S-000186,SCHWERING HASSE ELEKTRODRAHT GMBH,FIRM,2026-04-14,2840.0,0.0,PO-000163,Ferme
PO-000164,P-00004583,S-000186,SCHWERING HASSE ELEKTRODRAHT GMBH,FIRM,2026-04-21,2840.0,0.0,PO-000164,Ferme
PO-000165,P-00004583,S-000186,SCHWERING HASSE ELEKTRODRAHT GMBH,FIRM,2026-05-05,2800.0,0.0,PO-000165,Ferme
PO-000166,P-00004583,S-000186,SCHWERING HASSE ELEKTRODRAHT GMBH,FIRM,2026-05-19,2675.0,0.0,PO-000166,Ferme
PO-000167,P-00004583,S-000186,SCHWERING HASSE ELEKTRODRAHT GMBH,FIRM,2026-06-09,2769.0,0.0,PO-000167,Ferme
PO-000168,P-00004583,S-000186,SCHWERING HASSE ELEKTRODRAHT GMBH,FIRM,2026-06-16,2840.0,0.0,PO-000168,Ferme
PO-000169,P-00004583,S-000186,SCHWERING HASSE ELEKTRODRAHT GMBH,FIRM,2026-06-30,2734.0,0.0,PO-000169,Ferme
PO-000170,P-00004583,S-000186,SCHWERING HASSE ELEKTRODRAHT GMBH,FIRM,2026-07-07,1420.0,0.0,PO-000170,Ferme
PO-000171,P-00004583,S-000186,SCHWERING HASSE ELEKTRODRAHT GMBH,FIRM,2026-07-21,2840.0,0.0,PO-000171,Ferme
PO-000172,P-00004583,S-000186,SCHWERING HASSE ELEKTRODRAHT GMBH,FIRM,2026-08-27,1380.0,0.0,PO-000172,Ferme
PO-000173,P-00004583,S-000186,SCHWERING HASSE ELEKTRODRAHT GMBH,FIRM,2026-09-03,2819.0,0.0,PO-000173,Ferme
PO-000174,P-00004583,S-000186,SCHWERING HASSE ELEKTRODRAHT GMBH,FIRM,2026-09-24,1420.0,1420.0,PO-000174,Ferme
PO-000175,P-00004583,S-000186,SCHWERING HASSE ELEKTRODRAHT GMBH,FIRM,2026-10-06,1420.0,1420.0,PO-000175,Ferme
PO-000176,P-00004583,S-000186,SCHWERING HASSE ELEKTRODRAHT GMBH,FIRM,2026-10-13,1420.0,1420.0,PO-000176,Ferme
PO-000177,P-00004583,S-000186,SCHWERING HASSE ELEKTRODRAHT GMBH,FORECAST,2026-10-20,2840.0,2840.0,PO-000177,Prévisionnel
PO-000178,P-00004583,S-000186,SCHWERING HASSE ELEKTRODRAHT GMBH,FORECAST,2026-10-27,2840.0,2840.0,PO-000178,Prévisionnel
PO-000179,P-00004583,S-000186,SCHWERING HASSE ELEKTRODRAHT GMBH,FORECAST,2026-11-03,1420.0,1420.0,PO-000179,Prévisionnel
PO-000180,P-00004583,S-000186,SCHWERING HASSE ELEKTRODRAHT GMBH,FORECAST,2026-11-10,2840.0,2840.0,PO-000180,Prévisionnel
PO-000181,P-00004583,S-000186,SCHWERING HASSE ELEKTRODRAHT GMBH,FORECAST,2026-11-17,1420.0,1420.0,PO-000181,Prévisionnel
PO-000182,P-00004583,S-000186,SCHWERING HASSE ELEKTRODRAHT GMBH,FORECAST,2026-11-24,2840.0,2840.0,PO-000182,Prévisionnel
PO-000183,P-00004583,S-000186,SCHWERING HASSE ELEKTRODRAHT GMBH,FORECAST,2026-12-01,2840.0,2840.0,PO-000183,Prévisionnel
PO-000184,P-00004583,S-000186,SCHWERING HASSE ELEKTRODRAHT GMBH,FORECAST,2026-12-08,2840.0,2840.0,PO-000184,Prévisionnel
PO-000185,P-00004583,S-000186,SCHWERING HASSE ELEKTRODRAHT GMBH,FORECAST,2026-12-15,1420.0,1420.0,PO-000185,Prévisionnel
PO-000186,P-00004583,S-000186,SCHWERING HASSE ELEKTRODRAHT GMBH,FORECAST,2026-12-22,2840.0,2840.0,PO-000186,Prévisionnel
PO-000187,P-00004583,S-000186,SCHWERING HASSE ELEKTRODRAHT GMBH,FORECAST,2027-01-12,2840.0,2840.0,PO-000187,Prévisionnel
PO-000188,P-00004583,S-000186,SCHWERING HASSE ELEKTRODRAHT GMBH,FORECAST,2027-01-19,2840.0,2840.0,PO-000188,Prévisionnel
PO-000189,P-00004583,S-000186,SCHWERING HASSE ELEKTRODRAHT GMBH,FORECAST,2027-01-26,1420.0,1420.0,PO-000189,Prévisionnel
PO-000190,P-00004583,S-000186,SCHWERING HASSE ELEKTRODRAHT GMBH,FORECAST,2027-02-02,2840.0,2840.0,PO-000190,Prévisionnel
PO-000191,P-00004583,S-000186,SCHWERING HASSE ELEKTRODRAHT GMBH,FORECAST,2027-02-09,1420.0,1420.0,PO-000191,Prévisionnel
PO-000192,P-00004583,S-000186,SCHWERING HASSE ELEKTRODRAHT GMBH,FORECAST,2027-02-16,2840.0,2840.0,PO-000192,Prévisionnel
PO-000193,P-00004583,S-000186,SCHWERING HASSE ELEKTRODRAHT GMBH,FORECAST,2027-02-23,2840.0,2840.0,PO-000193,Prévisionnel
PO-000194,P-00004583,S-000186,SCHWERING HASSE ELEKTRODRAHT GMBH,FORECAST,2027-03-02,1420.0,1420.0,PO-000194,Prévisionnel
PO-000195,P-00004583,S-000186,SCHWERING HASSE ELEKTRODRAHT GMBH,FORECAST,2027-03-09,2840.0,2840.0,PO-000195,Prévisionnel
PO-000196,P-00004583,S-000186,SCHWERING HASSE ELEKTRODRAHT GMBH,FORECAST,2027-03-16,2840.0,2840.0,PO-000196,Prévisionnel
PO-000197,P-00004583,S-000186,SCHWERING HASSE ELEKTRODRAHT GMBH,FORECAST,2027-03-23,1420.0,1420.0,PO-000197,Prévisionnel
PO-000198,P-00004583,S-000186,SCHWERING HASSE ELEKTRODRAHT GMBH,FORECAST,2027-03-30,2840.0,2840.0,PO-000198,Prévisionnel
PO-000201,P-00005010,S-000286,COVEME SPA,FIRM,2026-04-09,79820.0,0.0,PO-000201,Ferme
PO-000206,P-00005010,S-000286,COVEME SPA,FIRM,2026-05-21,73970.0,0.0,PO-000206,Ferme
PO-000209,P-00005010,S-000286,COVEME SPA,FIRM,2026-06-18,80860.0,0.0,PO-000209,Ferme
PO-000210,P-00005010,S-000286,COVEME SPA,FIRM,2026-06-25,78638.0,0.0,PO-000210,Ferme
PO-000212,P-00005010,S-000286,COVEME SPA,FIRM,2026-07-23,70504.0,0.0,PO-000212,Ferme
PO-000214,P-00005010,S-000286,COVEME SPA,FIRM,2026-09-17,71318.0,0.0,PO-000214,Ferme
PO-000215,P-00005010,S-000286,COVEME SPA,FIRM,2026-10-01,72000.0,72000.0,PO-000215,Ferme
PO-000216,P-00005010,S-000286,COVEME SPA,FIRM,2026-10-08,72000.0,72000.0,PO-000216,Ferme
PO-000217,P-00005010,S-000286,COVEME SPA,FORECAST,2026-10-22,72000.0,72000.0,PO-000217,Prévisionnel
PO-000218,P-00005010,S-000286,COVEME SPA,FORECAST,2026-10-29,72000.0,72000.0,PO-000218,Prévisionnel
PO-000219,P-00005010,S-000286,COVEME SPA,FORECAST,2026-11-05,72000.0,72000.0,PO-000219,Prévisionnel
PO-000220,P-00005010,S-000286,COVEME SPA,FORECAST,2026-11-12,72000.0,72000.0,PO-000220,Prévisionnel
PO-000221,P-00005010,S-000286,COVEME SPA,FORECAST,2026-11-26,72000.0,72000.0,PO-000221,Prévisionnel
PO-000222,P-00005010,S-000286,COVEME SPA,FORECAST,2026-12-03,72000.0,72000.0,PO-000222,Prévisionnel
PO-000223,P-00005010,S-000286,COVEME SPA,FORECAST,2026-12-10,72000.0,72000.0,PO-000223,Prévisionnel
PO-000224,P-00005010,S-000286,COVEME SPA,FORECAST,2026-12-17,72000.0,72000.0,PO-000224,Prévisionnel
PO-000225,P-00005010,S-000286,COVEME SPA,FORECAST,2027-01-14,72000.0,72000.0,PO-000225,Prévisionnel
PO-000226,P-00005010,S-000286,COVEME SPA,FORECAST,2027-01-21,72000.0,72000.0,PO-000226,Prévisionnel
PO-000227,P-00005010,S-000286,COVEME SPA,FORECAST,2027-01-28,72000.0,72000.0,PO-000227,Prévisionnel
PO-000228,P-00005010,S-000286,COVEME SPA,FORECAST,2027-02-04,72000.0,72000.0,PO-000228,Prévisionnel
PO-000229,P-00005010,S-000286,COVEME SPA,FORECAST,2027-02-11,72000.0,72000.0,PO-000229,Prévisionnel
PO-000230,P-00005010,S-000286,COVEME SPA,FORECAST,2027-02-25,72000.0,72000.0,PO-000230,Prévisionnel
PO-000231,P-00005010,S-000286,COVEME SPA,FORECAST,2027-03-04,72000.0,72000.0,PO-000231,Prévisionnel
PO-000232,P-00005010,S-000286,COVEME SPA,FORECAST,2027-03-11,72000.0,72000.0,PO-000232,Prévisionnel
PO-000233,P-00005010,S-000286,COVEME SPA,FORECAST,2027-03-18,72000.0,72000.0,PO-000233,Prévisionnel
PO-000234,P-00005010,S-000286,COVEME SPA,FORECAST,2027-04-01,72000.0,72000.0,PO-000234,Prévisionnel
PO-000245,P-00005129,S-000106,ISOVOLTA,FIRM,2026-10-05,48675.0,48675.0,PO-000245,Ferme
PO-000246,P-00005129,S-000106,ISOVOLTA,FORECAST,2026-10-26,48675.0,48675.0,PO-000246,Prévisionnel
PO-000247,P-00005129,S-000106,ISOVOLTA,FORECAST,2026-11-02,48675.0,48675.0,PO-000247,Prévisionnel
PO-000248,P-00005129,S-000106,ISOVOLTA,FORECAST,2026-11-09,48675.0,48675.0,PO-000248,Prévisionnel
PO-000249,P-00005129,S-000106,ISOVOLTA,FORECAST,2026-11-23,48675.0,48675.0,PO-000249,Prévisionnel
PO-000250,P-00005129,S-000106,ISOVOLTA,FORECAST,2026-11-30,48675.0,48675.0,PO-000250,Prévisionnel
PO-000251,P-00005129,S-000106,ISOVOLTA,FORECAST,2026-12-07,48675.0,48675.0,PO-000251,Prévisionnel
PO-000252,P-00005129,S-000106,ISOVOLTA,FORECAST,2027-01-11,48675.0,48675.0,PO-000252,Prévisionnel
PO-000253,P-00005129,S-000106,ISOVOLTA,FORECAST,2027-01-18,48675.0,48675.0,PO-000253,Prévisionnel
PO-000254,P-00005129,S-000106,ISOVOLTA,FORECAST,2027-01-25,48675.0,48675.0,PO-000254,Prévisionnel
PO-000255,P-00005129,S-000106,ISOVOLTA,FORECAST,2027-02-08,48675.0,48675.0,PO-000255,Prévisionnel
PO-000256,P-00005129,S-000106,ISOVOLTA,FORECAST,2027-02-15,48675.0,48675.0,PO-000256,Prévisionnel
PO-000257,P-00005129,S-000106,ISOVOLTA,FORECAST,2027-03-01,48675.0,48675.0,PO-000257,Prévisionnel
PO-000258,P-00005129,S-000106,ISOVOLTA,FORECAST,2027-03-08,48675.0,48675.0,PO-000258,Prévisionnel
PO-000259,P-00005129,S-000106,ISOVOLTA,FORECAST,2027-03-22,48675.0,48675.0,PO-000259,Prévisionnel
PO-000260,P-00005129,S-000106,ISOVOLTA,FORECAST,2027-03-29,48675.0,48675.0,PO-000260,Prévisionnel
PO-000261,P-00005775,S-000032,R.BOURGEOIS S.A.,FIRM,2026-03-17,19008.0,0.0,PO-000261,Ferme
PO-000262,P-00005775,S-000032,R.BOURGEOIS S.A.,FIRM,2026-03-19,19008.0,0.0,PO-000262,Ferme
PO-000263,P-00005775,S-000032,R.BOURGEOIS S.A.,FIRM,2026-03-23,19008.0,0.0,PO-000263,Ferme
PO-000264,P-00005775,S-000032,R.BOURGEOIS S.A.,FIRM,2026-03-25,19008.0,0.0,PO-000264,Ferme
PO-000265,P-00005775,S-000032,R.BOURGEOIS S.A.,FIRM,2026-03-27,19008.0,0.0,PO-000265,Ferme
PO-000266,P-00005775,S-000032,R.BOURGEOIS S.A.,FIRM,2026-03-30,19008.0,0.0,PO-000266,Ferme
PO-000267,P-00005775,S-000032,R.BOURGEOIS S.A.,FIRM,2026-03-31,19008.0,0.0,PO-000267,Ferme
PO-000268,P-00005775,S-000032,R.BOURGEOIS S.A.,FIRM,2026-04-01,19008.0,0.0,PO-000268,Ferme
PO-000269,P-00005775,S-000032,R.BOURGEOIS S.A.,FIRM,2026-04-07,19008.0,0.0,PO-000269,Ferme
PO-000270,P-00005775,S-000032,R.BOURGEOIS S.A.,FIRM,2026-04-08,19008.0,0.0,PO-000270,Ferme
PO-000271,P-00005775,S-000032,R.BOURGEOIS S.A.,FIRM,2026-04-10,19008.0,0.0,PO-000271,Ferme
PO-000272,P-00005775,S-000032,R.BOURGEOIS S.A.,FIRM,2026-04-13,19008.0,0.0,PO-000272,Ferme
PO-000273,P-00005775,S-000032,R.BOURGEOIS S.A.,FIRM,2026-04-15,19008.0,0.0,PO-000273,Ferme
PO-000274,P-00005775,S-000032,R.BOURGEOIS S.A.,FIRM,2026-04-17,19008.0,0.0,PO-000274,Ferme
PO-000275,P-00005775,S-000032,R.BOURGEOIS S.A.,FIRM,2026-04-20,19008.0,0.0,PO-000275,Ferme
PO-000276,P-00005775,S-000032,R.BOURGEOIS S.A.,FIRM,2026-04-22,19008.0,0.0,PO-000276,Ferme
PO-000277,P-00005775,S-000032,R.BOURGEOIS S.A.,FIRM,2026-04-24,19008.0,0.0,PO-000277,Ferme
PO-000278,P-00005775,S-000032,R.BOURGEOIS S.A.,FIRM,2026-04-27,19008.0,0.0,PO-000278,Ferme
PO-000279,P-00005775,S-000032,R.BOURGEOIS S.A.,FIRM,2026-04-28,19008.0,0.0,PO-000279,Ferme
PO-000280,P-00005775,S-000032,R.BOURGEOIS S.A.,FIRM,2026-04-29,19008.0,0.0,PO-000280,Ferme
PO-000281,P-00005775,S-000032,R.BOURGEOIS S.A.,FIRM,2026-05-04,19008.0,0.0,PO-000281,Ferme
PO-000282,P-00005775,S-000032,R.BOURGEOIS S.A.,FIRM,2026-05-06,19008.0,0.0,PO-000282,Ferme
PO-000283,P-00005775,S-000032,R.BOURGEOIS S.A.,FIRM,2026-05-11,19008.0,0.0,PO-000283,Ferme
PO-000284,P-00005775,S-000032,R.BOURGEOIS S.A.,FIRM,2026-05-13,19008.0,0.0,PO-000284,Ferme
PO-000285,P-00005775,S-000032,R.BOURGEOIS S.A.,FIRM,2026-05-18,19008.0,0.0,PO-000285,Ferme
PO-000286,P-00005775,S-000032,R.BOURGEOIS S.A.,FIRM,2026-05-20,19008.0,0.0,PO-000286,Ferme
PO-000287,P-00005775,S-000032,R.BOURGEOIS S.A.,FIRM,2026-05-22,19008.0,0.0,PO-000287,Ferme
PO-000289,P-00005775,S-000032,R.BOURGEOIS S.A.,FIRM,2026-05-28,19008.0,0.0,PO-000289,Ferme
PO-000290,P-00005775,S-000032,R.BOURGEOIS S.A.,FIRM,2026-05-29,19008.0,0.0,PO-000290,Ferme
PO-000292,P-00005775,S-000032,R.BOURGEOIS S.A.,FIRM,2026-06-04,19008.0,0.0,PO-000292,Ferme
PO-000293,P-00005775,S-000032,R.BOURGEOIS S.A.,FIRM,2026-06-08,19008.0,0.0,PO-000293,Ferme
PO-000294,P-00005775,S-000032,R.BOURGEOIS S.A.,FIRM,2026-06-10,19008.0,0.0,PO-000294,Ferme
PO-000295,P-00005775,S-000032,R.BOURGEOIS S.A.,FIRM,2026-06-12,19008.0,0.0,PO-000295,Ferme
PO-000297,P-00005775,S-000032,R.BOURGEOIS S.A.,FIRM,2026-06-17,19008.0,0.0,PO-000297,Ferme
PO-000298,P-00005775,S-000032,R.BOURGEOIS S.A.,FIRM,2026-06-19,19008.0,0.0,PO-000298,Ferme
PO-000299,P-00005775,S-000032,R.BOURGEOIS S.A.,FIRM,2026-06-22,19008.0,0.0,PO-000299,Ferme
PO-000300,P-00005775,S-000032,R.BOURGEOIS S.A.,FIRM,2026-06-24,19008.0,0.0,PO-000300,Ferme
PO-000301,P-00005775,S-000032,R.BOURGEOIS S.A.,FIRM,2026-06-26,19008.0,0.0,PO-000301,Ferme
PO-000302,P-00005775,S-000032,R.BOURGEOIS S.A.,FIRM,2026-06-30,19008.0,0.0,PO-000302,Ferme
PO-000303,P-00005775,S-000032,R.BOURGEOIS S.A.,FIRM,2026-07-02,19008.0,0.0,PO-000303,Ferme
PO-000304,P-00005775,S-000032,R.BOURGEOIS S.A.,FIRM,2026-07-06,19008.0,0.0,PO-000304,Ferme
PO-000305,P-00005775,S-000032,R.BOURGEOIS S.A.,FIRM,2026-07-08,19008.0,0.0,PO-000305,Ferme
PO-000306,P-00005775,S-000032,R.BOURGEOIS S.A.,FIRM,2026-07-10,19008.0,0.0,PO-000306,Ferme
PO-000307,P-00005775,S-000032,R.BOURGEOIS S.A.,FIRM,2026-07-15,19008.0,0.0,PO-000307,Ferme
PO-000308,P-00005775,S-000032,R.BOURGEOIS S.A.,FIRM,2026-07-16,19008.0,0.0,PO-000308,Ferme
PO-000309,P-00005775,S-000032,R.BOURGEOIS S.A.,FIRM,2026-07-17,19008.0,0.0,PO-000309,Ferme
PO-000310,P-00005775,S-000032,R.BOURGEOIS S.A.,FIRM,2026-07-21,19008.0,0.0,PO-000310,Ferme
PO-000311,P-00005775,S-000032,R.BOURGEOIS S.A.,FIRM,2026-07-23,19008.0,0.0,PO-000311,Ferme
PO-000312,P-00005775,S-000032,R.BOURGEOIS S.A.,FIRM,2026-08-20,19008.0,0.0,PO-000312,Ferme
PO-000313,P-00005775,S-000032,R.BOURGEOIS S.A.,FIRM,2026-08-25,19008.0,0.0,PO-000313,Ferme
PO-000314,P-00005775,S-000032,R.BOURGEOIS S.A.,FIRM,2026-08-27,19008.0,0.0,PO-000314,Ferme
PO-000315,P-00005775,S-000032,R.BOURGEOIS S.A.,FIRM,2026-09-01,19008.0,0.0,PO-000315,Ferme
PO-000316,P-00005775,S-000032,R.BOURGEOIS S.A.,FIRM,2026-09-03,19008.0,0.0,PO-000316,Ferme
PO-000317,P-00005775,S-000032,R.BOURGEOIS S.A.,FIRM,2026-09-07,19008.0,0.0,PO-000317,Ferme
PO-000318,P-00005775,S-000032,R.BOURGEOIS S.A.,FIRM,2026-09-09,19008.0,0.0,PO-000318,Ferme
PO-000320,P-00005775,S-000032,R.BOURGEOIS S.A.,FIRM,2026-09-15,19008.0,0.0,PO-000320,Ferme
PO-000321,P-00005775,S-000032,R.BOURGEOIS S.A.,FIRM,2026-09-17,19008.0,0.0,PO-000321,Ferme
PO-000322,P-00005775,S-000032,R.BOURGEOIS S.A.,FIRM,2026-09-21,19008.0,19008.0,PO-000322,Ferme
PO-000323,P-00005775,S-000032,R.BOURGEOIS S.A.,FIRM,2026-09-24,19008.0,19008.0,PO-000323,Ferme
PO-000324,P-00005775,S-000032,R.BOURGEOIS S.A.,FIRM,2026-09-25,19008.0,19008.0,PO-000324,Ferme
PO-000325,P-00005775,S-000032,R.BOURGEOIS S.A.,FIRM,2026-09-28,38016.0,38016.0,PO-000325,Ferme
PO-000326,P-00005775,S-000032,R.BOURGEOIS S.A.,FIRM,2026-10-05,57024.0,57024.0,PO-000326,Ferme
PO-000327,P-00005775,S-000032,R.BOURGEOIS S.A.,FIRM,2026-10-12,57024.0,57024.0,PO-000327,Ferme
PO-000328,P-00005775,S-000032,R.BOURGEOIS S.A.,FORECAST,2026-10-19,57024.0,57024.0,PO-000328,Prévisionnel
PO-000329,P-00005775,S-000032,R.BOURGEOIS S.A.,FORECAST,2026-10-26,57024.0,57024.0,PO-000329,Prévisionnel
PO-000330,P-00005775,S-000032,R.BOURGEOIS S.A.,FORECAST,2026-11-02,57024.0,57024.0,PO-000330,Prévisionnel
PO-000331,P-00005775,S-000032,R.BOURGEOIS S.A.,FORECAST,2026-11-09,57024.0,57024.0,PO-000331,Prévisionnel
PO-000332,P-00005775,S-000032,R.BOURGEOIS S.A.,FORECAST,2026-11-16,57024.0,57024.0,PO-000332,Prévisionnel
PO-000333,P-00005775,S-000032,R.BOURGEOIS S.A.,FORECAST,2026-11-23,57024.0,57024.0,PO-000333,Prévisionnel
PO-000334,P-00005775,S-000032,R.BOURGEOIS S.A.,FORECAST,2026-11-30,57024.0,57024.0,PO-000334,Prévisionnel
PO-000335,P-00005775,S-000032,R.BOURGEOIS S.A.,FORECAST,2026-12-07,57024.0,57024.0,PO-000335,Prévisionnel
PO-000336,P-00005775,S-000032,R.BOURGEOIS S.A.,FORECAST,2026-12-14,57024.0,57024.0,PO-000336,Prévisionnel
PO-000337,P-00005775,S-000032,R.BOURGEOIS S.A.,FORECAST,2026-12-21,19008.0,19008.0,PO-000337,Prévisionnel
PO-000338,P-00005775,S-000032,R.BOURGEOIS S.A.,FORECAST,2027-01-11,57024.0,57024.0,PO-000338,Prévisionnel
PO-000339,P-00005775,S-000032,R.BOURGEOIS S.A.,FORECAST,2027-01-18,57024.0,57024.0,PO-000339,Prévisionnel
PO-000340,P-00005775,S-000032,R.BOURGEOIS S.A.,FORECAST,2027-01-25,57024.0,57024.0,PO-000340,Prévisionnel
PO-000341,P-00005775,S-000032,R.BOURGEOIS S.A.,FORECAST,2027-02-01,57024.0,57024.0,PO-000341,Prévisionnel
PO-000342,P-00005775,S-000032,R.BOURGEOIS S.A.,FORECAST,2027-02-08,57024.0,57024.0,PO-000342,Prévisionnel
PO-000343,P-00005775,S-000032,R.BOURGEOIS S.A.,FORECAST,2027-02-15,57024.0,57024.0,PO-000343,Prévisionnel
PO-000344,P-00005775,S-000032,R.BOURGEOIS S.A.,FORECAST,2027-02-22,57024.0,57024.0,PO-000344,Prévisionnel
PO-000345,P-00005775,S-000032,R.BOURGEOIS S.A.,FORECAST,2027-03-01,57024.0,57024.0,PO-000345,Prévisionnel
PO-000346,P-00005775,S-000032,R.BOURGEOIS S.A.,FORECAST,2027-03-08,57024.0,57024.0,PO-000346,Prévisionnel
PO-000347,P-00005775,S-000032,R.BOURGEOIS S.A.,FORECAST,2027-03-15,57024.0,57024.0,PO-000347,Prévisionnel
PO-000348,P-00005775,S-000032,R.BOURGEOIS S.A.,FORECAST,2027-03-22,57024.0,57024.0,PO-000348,Prévisionnel
PO-000349,P-00005775,S-000032,R.BOURGEOIS S.A.,FORECAST,2027-03-29,57024.0,57024.0,PO-000349,Prévisionnel
PO-000350,P-00040241,S-000517,ENNOVI HUNGARY,FIRM,2026-03-19,2430.0,0.0,PO-000350,Ferme
PO-000351,P-00040241,S-000517,ENNOVI HUNGARY,FIRM,2026-03-26,3375.0,0.0,PO-000351,Ferme
PO-000352,P-00040241,S-000517,ENNOVI HUNGARY,FIRM,2026-04-09,3510.0,0.0,PO-000352,Ferme
PO-000353,P-00040241,S-000517,ENNOVI HUNGARY,FIRM,2026-04-23,5400.0,0.0,PO-000353,Ferme
PO-000354,P-00040241,S-000517,ENNOVI HUNGARY,FIRM,2026-05-07,3240.0,0.0,PO-000354,Ferme
PO-000355,P-00040241,S-000517,ENNOVI HUNGARY,FIRM,2026-05-18,3240.0,0.0,PO-000355,Ferme
PO-000356,P-00040241,S-000517,ENNOVI HUNGARY,FIRM,2026-05-21,1350.0,0.0,PO-000356,Ferme
PO-000357,P-00040241,S-000517,ENNOVI HUNGARY,FIRM,2026-05-28,1890.0,0.0,PO-000357,Ferme
PO-000359,P-00040241,S-000517,ENNOVI HUNGARY,FIRM,2026-06-18,1350.0,0.0,PO-000359,Ferme
PO-000360,P-00040241,S-000517,ENNOVI HUNGARY,FIRM,2026-06-25,1350.0,0.0,PO-000360,Ferme
PO-000362,P-00040241,S-000517,ENNOVI HUNGARY,FIRM,2026-07-09,1890.0,0.0,PO-000362,Ferme
PO-000365,P-00040241,S-000517,ENNOVI HUNGARY,FIRM,2026-08-27,2160.0,0.0,PO-000365,Ferme
PO-000367,P-00040241,S-000517,ENNOVI HUNGARY,FIRM,2026-09-17,540.0,0.0,PO-000367,Ferme
PO-000368,P-00040241,S-000517,ENNOVI HUNGARY,FIRM,2026-09-24,1755.0,1755.0,PO-000368,Ferme
PO-000369,P-00040241,S-000517,ENNOVI HUNGARY,FIRM,2026-10-01,1350.0,1350.0,PO-000369,Ferme
PO-000370,P-00040241,S-000517,ENNOVI HUNGARY,FIRM,2026-10-08,1350.0,1350.0,PO-000370,Ferme
PO-000371,P-00040241,S-000517,ENNOVI HUNGARY,FIRM,2026-10-15,2430.0,2430.0,PO-000371,Ferme
PO-000372,P-00040241,S-000517,ENNOVI HUNGARY,FORECAST,2026-10-22,2430.0,2430.0,PO-000372,Prévisionnel
PO-000373,P-00040241,S-000517,ENNOVI HUNGARY,FORECAST,2026-10-29,2430.0,2430.0,PO-000373,Prévisionnel
PO-000374,P-00040241,S-000517,ENNOVI HUNGARY,FORECAST,2026-11-05,2700.0,2700.0,PO-000374,Prévisionnel
PO-000375,P-00040241,S-000517,ENNOVI HUNGARY,FORECAST,2026-11-12,2430.0,2430.0,PO-000375,Prévisionnel
PO-000376,P-00040241,S-000517,ENNOVI HUNGARY,FORECAST,2026-11-19,2430.0,2430.0,PO-000376,Prévisionnel
PO-000377,P-00040241,S-000517,ENNOVI HUNGARY,FORECAST,2026-11-26,2700.0,2700.0,PO-000377,Prévisionnel
PO-000378,P-00040241,S-000517,ENNOVI HUNGARY,FORECAST,2026-12-03,2700.0,2700.0,PO-000378,Prévisionnel
PO-000379,P-00040241,S-000517,ENNOVI HUNGARY,FORECAST,2026-12-10,2700.0,2700.0,PO-000379,Prévisionnel
PO-000380,P-00040241,S-000517,ENNOVI HUNGARY,FORECAST,2026-12-17,2700.0,2700.0,PO-000380,Prévisionnel
PO-000381,P-00040241,S-000517,ENNOVI HUNGARY,FORECAST,2027-01-14,2700.0,2700.0,PO-000381,Prévisionnel
PO-000382,P-00040241,S-000517,ENNOVI HUNGARY,FORECAST,2027-01-21,2700.0,2700.0,PO-000382,Prévisionnel
PO-000383,P-00040241,S-000517,ENNOVI HUNGARY,FORECAST,2027-01-28,2700.0,2700.0,PO-000383,Prévisionnel
PO-000384,P-00040241,S-000517,ENNOVI HUNGARY,FORECAST,2027-02-04,2700.0,2700.0,PO-000384,Prévisionnel
PO-000385,P-00040241,S-000517,ENNOVI HUNGARY,FORECAST,2027-02-11,2700.0,2700.0,PO-000385,Prévisionnel
PO-000386,P-00040241,S-000517,ENNOVI HUNGARY,FORECAST,2027-02-18,2700.0,2700.0,PO-000386,Prévisionnel
PO-000387,P-00040241,S-000517,ENNOVI HUNGARY,FORECAST,2027-02-25,2700.0,2700.0,PO-000387,Prévisionnel
PO-000388,P-00040241,S-000517,ENNOVI HUNGARY,FORECAST,2027-03-04,2700.0,2700.0,PO-000388,Prévisionnel
PO-000389,P-00040241,S-000517,ENNOVI HUNGARY,FORECAST,2027-03-11,2700.0,2700.0,PO-000389,Prévisionnel
PO-000390,P-00040241,S-000517,ENNOVI HUNGARY,FORECAST,2027-03-18,2430.0,2430.0,PO-000390,Prévisionnel
PO-000391,P-00040241,S-000517,ENNOVI HUNGARY,FORECAST,2027-03-25,2430.0,2430.0,PO-000391,Prévisionnel
PO-000392,P-00040241,S-000517,ENNOVI HUNGARY,FORECAST,2027-04-01,2430.0,2430.0,PO-000392,Prévisionnel
PO-000393,P-00043859,S-000032,R.BOURGEOIS S.A.,FIRM,2026-03-16,1656.0,0.0,PO-000393,Ferme
PO-000394,P-00043859,S-000032,R.BOURGEOIS S.A.,FIRM,2026-03-23,1656.0,0.0,PO-000394,Ferme
PO-000395,P-00043859,S-000032,R.BOURGEOIS S.A.,FIRM,2026-03-25,1656.0,0.0,PO-000395,Ferme
PO-000396,P-00043859,S-000032,R.BOURGEOIS S.A.,FIRM,2026-03-27,1656.0,0.0,PO-000396,Ferme
PO-000397,P-00043859,S-000032,R.BOURGEOIS S.A.,FIRM,2026-03-31,1656.0,0.0,PO-000397,Ferme
PO-000398,P-00043859,S-000032,R.BOURGEOIS S.A.,FIRM,2026-04-02,1656.0,0.0,PO-000398,Ferme
PO-000399,P-00043859,S-000032,R.BOURGEOIS S.A.,FIRM,2026-04-03,1656.0,0.0,PO-000399,Ferme
PO-000400,P-00043859,S-000032,R.BOURGEOIS S.A.,FIRM,2026-04-07,1656.0,0.0,PO-000400,Ferme
PO-000401,P-00043859,S-000032,R.BOURGEOIS S.A.,FIRM,2026-04-08,1656.0,0.0,PO-000401,Ferme
PO-000402,P-00043859,S-000032,R.BOURGEOIS S.A.,FIRM,2026-04-09,1656.0,0.0,PO-000402,Ferme
PO-000403,P-00043859,S-000032,R.BOURGEOIS S.A.,FIRM,2026-04-10,1404.0,0.0,PO-000403,Ferme
PO-000404,P-00043859,S-000032,R.BOURGEOIS S.A.,FIRM,2026-04-15,1656.0,0.0,PO-000404,Ferme
PO-000405,P-00043859,S-000032,R.BOURGEOIS S.A.,FIRM,2026-04-20,1656.0,0.0,PO-000405,Ferme
PO-000406,P-00043859,S-000032,R.BOURGEOIS S.A.,FIRM,2026-04-22,1656.0,0.0,PO-000406,Ferme
PO-000407,P-00043859,S-000032,R.BOURGEOIS S.A.,FIRM,2026-04-24,1656.0,0.0,PO-000407,Ferme
PO-000408,P-00043859,S-000032,R.BOURGEOIS S.A.,FIRM,2026-04-27,1656.0,0.0,PO-000408,Ferme
PO-000409,P-00043859,S-000032,R.BOURGEOIS S.A.,FIRM,2026-04-29,1656.0,0.0,PO-000409,Ferme
PO-000410,P-00043859,S-000032,R.BOURGEOIS S.A.,FIRM,2026-04-30,1656.0,0.0,PO-000410,Ferme
PO-000411,P-00043859,S-000032,R.BOURGEOIS S.A.,FIRM,2026-05-04,1656.0,0.0,PO-000411,Ferme
PO-000412,P-00043859,S-000032,R.BOURGEOIS S.A.,FIRM,2026-05-06,1656.0,0.0,PO-000412,Ferme
PO-000413,P-00043859,S-000032,R.BOURGEOIS S.A.,FIRM,2026-05-11,1656.0,0.0,PO-000413,Ferme
PO-000414,P-00043859,S-000032,R.BOURGEOIS S.A.,FIRM,2026-05-12,1656.0,0.0,PO-000414,Ferme
PO-000415,P-00043859,S-000032,R.BOURGEOIS S.A.,FIRM,2026-05-21,1656.0,0.0,PO-000415,Ferme
PO-000417,P-00043859,S-000032,R.BOURGEOIS S.A.,FIRM,2026-06-01,1656.0,0.0,PO-000417,Ferme
PO-000418,P-00043859,S-000032,R.BOURGEOIS S.A.,FIRM,2026-06-05,1656.0,0.0,PO-000418,Ferme
PO-000419,P-00043859,S-000032,R.BOURGEOIS S.A.,FIRM,2026-06-10,1656.0,0.0,PO-000419,Ferme
PO-000420,P-00043859,S-000032,R.BOURGEOIS S.A.,FIRM,2026-06-12,1656.0,0.0,PO-000420,Ferme
PO-000421,P-00043859,S-000032,R.BOURGEOIS S.A.,FIRM,2026-06-15,1656.0,0.0,PO-000421,Ferme
PO-000422,P-00043859,S-000032,R.BOURGEOIS S.A.,FIRM,2026-06-17,1656.0,0.0,PO-000422,Ferme
PO-000423,P-00043859,S-000032,R.BOURGEOIS S.A.,FIRM,2026-06-19,1656.0,0.0,PO-000423,Ferme
PO-000424,P-00043859,S-000032,R.BOURGEOIS S.A.,FIRM,2026-06-24,1656.0,0.0,PO-000424,Ferme
PO-000425,P-00043859,S-000032,R.BOURGEOIS S.A.,FIRM,2026-06-26,1656.0,0.0,PO-000425,Ferme
PO-000426,P-00043859,S-000032,R.BOURGEOIS S.A.,FIRM,2026-06-30,1656.0,0.0,PO-000426,Ferme
PO-000427,P-00043859,S-000032,R.BOURGEOIS S.A.,FIRM,2026-07-02,1656.0,0.0,PO-000427,Ferme
PO-000428,P-00043859,S-000032,R.BOURGEOIS S.A.,FIRM,2026-07-06,1656.0,0.0,PO-000428,Ferme
PO-000429,P-00043859,S-000032,R.BOURGEOIS S.A.,FIRM,2026-07-08,1656.0,0.0,PO-000429,Ferme
PO-000430,P-00043859,S-000032,R.BOURGEOIS S.A.,FIRM,2026-07-10,1656.0,0.0,PO-000430,Ferme
PO-000431,P-00043859,S-000032,R.BOURGEOIS S.A.,FIRM,2026-07-13,1656.0,0.0,PO-000431,Ferme
PO-000432,P-00043859,S-000032,R.BOURGEOIS S.A.,FIRM,2026-07-15,1656.0,0.0,PO-000432,Ferme
PO-000433,P-00043859,S-000032,R.BOURGEOIS S.A.,FIRM,2026-07-17,1656.0,0.0,PO-000433,Ferme
PO-000434,P-00043859,S-000032,R.BOURGEOIS S.A.,FIRM,2026-07-20,1656.0,0.0,PO-000434,Ferme
PO-000435,P-00043859,S-000032,R.BOURGEOIS S.A.,FIRM,2026-07-22,1656.0,0.0,PO-000435,Ferme
PO-000436,P-00043859,S-000032,R.BOURGEOIS S.A.,FIRM,2026-07-24,1656.0,0.0,PO-000436,Ferme
PO-000437,P-00043859,S-000032,R.BOURGEOIS S.A.,FIRM,2026-08-19,1656.0,0.0,PO-000437,Ferme
PO-000438,P-00043859,S-000032,R.BOURGEOIS S.A.,FIRM,2026-08-24,1656.0,0.0,PO-000438,Ferme
PO-000439,P-00043859,S-000032,R.BOURGEOIS S.A.,FIRM,2026-08-31,1656.0,0.0,PO-000439,Ferme
PO-000440,P-00043859,S-000032,R.BOURGEOIS S.A.,FIRM,2026-09-02,1656.0,0.0,PO-000440,Ferme
PO-000441,P-00043859,S-000032,R.BOURGEOIS S.A.,FIRM,2026-09-08,1656.0,0.0,PO-000441,Ferme
PO-000442,P-00043859,S-000032,R.BOURGEOIS S.A.,FIRM,2026-09-10,1656.0,0.0,PO-000442,Ferme
PO-000443,P-00043859,S-000032,R.BOURGEOIS S.A.,FIRM,2026-09-14,1656.0,0.0,PO-000443,Ferme
PO-000444,P-00043859,S-000032,R.BOURGEOIS S.A.,FIRM,2026-09-16,1656.0,0.0,PO-000444,Ferme
PO-000445,P-00043859,S-000032,R.BOURGEOIS S.A.,FIRM,2026-09-21,1656.0,1656.0,PO-000445,Ferme
PO-000446,P-00043859,S-000032,R.BOURGEOIS S.A.,FIRM,2026-09-23,1656.0,1656.0,PO-000446,Ferme
PO-000447,P-00043859,S-000032,R.BOURGEOIS S.A.,FIRM,2026-09-25,1656.0,1656.0,PO-000447,Ferme
PO-000448,P-00043859,S-000032,R.BOURGEOIS S.A.,FIRM,2026-09-28,4968.0,4968.0,PO-000448,Ferme
PO-000449,P-00043859,S-000032,R.BOURGEOIS S.A.,FIRM,2026-10-05,1656.0,1656.0,PO-000449,Ferme
PO-000450,P-00043859,S-000032,R.BOURGEOIS S.A.,FIRM,2026-10-12,3312.0,3312.0,PO-000450,Ferme
PO-000451,P-00043859,S-000032,R.BOURGEOIS S.A.,FORECAST,2026-10-19,3312.0,3312.0,PO-000451,Prévisionnel
PO-000452,P-00043859,S-000032,R.BOURGEOIS S.A.,FORECAST,2026-10-26,4968.0,4968.0,PO-000452,Prévisionnel
PO-000453,P-00043859,S-000032,R.BOURGEOIS S.A.,FORECAST,2026-11-02,3312.0,3312.0,PO-000453,Prévisionnel
PO-000454,P-00043859,S-000032,R.BOURGEOIS S.A.,FORECAST,2026-11-09,4968.0,4968.0,PO-000454,Prévisionnel
PO-000455,P-00043859,S-000032,R.BOURGEOIS S.A.,FORECAST,2026-11-16,3312.0,3312.0,PO-000455,Prévisionnel
PO-000456,P-00043859,S-000032,R.BOURGEOIS S.A.,FORECAST,2026-11-23,4968.0,4968.0,PO-000456,Prévisionnel
PO-000457,P-00043859,S-000032,R.BOURGEOIS S.A.,FORECAST,2026-11-30,3312.0,3312.0,PO-000457,Prévisionnel
PO-000458,P-00043859,S-000032,R.BOURGEOIS S.A.,FORECAST,2026-12-07,4968.0,4968.0,PO-000458,Prévisionnel
PO-000459,P-00043859,S-000032,R.BOURGEOIS S.A.,FORECAST,2026-12-14,4968.0,4968.0,PO-000459,Prévisionnel
PO-000460,P-00043859,S-000032,R.BOURGEOIS S.A.,FORECAST,2026-12-21,1656.0,1656.0,PO-000460,Prévisionnel
PO-000461,P-00043859,S-000032,R.BOURGEOIS S.A.,FORECAST,2027-01-11,4968.0,4968.0,PO-000461,Prévisionnel
PO-000462,P-00043859,S-000032,R.BOURGEOIS S.A.,FORECAST,2027-01-18,4968.0,4968.0,PO-000462,Prévisionnel
PO-000463,P-00043859,S-000032,R.BOURGEOIS S.A.,FORECAST,2027-01-25,4968.0,4968.0,PO-000463,Prévisionnel
PO-000464,P-00043859,S-000032,R.BOURGEOIS S.A.,FORECAST,2027-02-01,4968.0,4968.0,PO-000464,Prévisionnel
PO-000465,P-00043859,S-000032,R.BOURGEOIS S.A.,FORECAST,2027-02-08,4968.0,4968.0,PO-000465,Prévisionnel
PO-000466,P-00043859,S-000032,R.BOURGEOIS S.A.,FORECAST,2027-02-15,3312.0,3312.0,PO-000466,Prévisionnel
PO-000467,P-00043859,S-000032,R.BOURGEOIS S.A.,FORECAST,2027-02-22,4968.0,4968.0,PO-000467,Prévisionnel
PO-000468,P-00043859,S-000032,R.BOURGEOIS S.A.,FORECAST,2027-03-01,3312.0,3312.0,PO-000468,Prévisionnel
PO-000469,P-00043859,S-000032,R.BOURGEOIS S.A.,FORECAST,2027-03-08,3312.0,3312.0,PO-000469,Prévisionnel
PO-000470,P-00043859,S-000032,R.BOURGEOIS S.A.,FORECAST,2027-03-15,4968.0,4968.0,PO-000470,Prévisionnel
PO-000471,P-00043859,S-000032,R.BOURGEOIS S.A.,FORECAST,2027-03-22,3312.0,3312.0,PO-000471,Prévisionnel
PO-000472,P-00043859,S-000032,R.BOURGEOIS S.A.,FORECAST,2027-03-29,4968.0,4968.0,PO-000472,Prévisionnel
PO-000474,P-00061611,S-000378,EUROTRANCIATURA,FIRM,2026-04-13,960.0,0.0,PO-000474,Ferme
PO-000477,P-00061611,S-000378,EUROTRANCIATURA,FIRM,2026-04-23,2400.0,0.0,PO-000477,Ferme
PO-000479,P-00061611,S-000378,EUROTRANCIATURA,FIRM,2026-05-18,2400.0,0.0,PO-000479,Ferme
PO-000480,P-00061611,S-000378,EUROTRANCIATURA,FIRM,2026-05-28,1920.0,0.0,PO-000480,Ferme
PO-000481,P-00061611,S-000378,EUROTRANCIATURA,FIRM,2026-06-04,1920.0,0.0,PO-000481,Ferme
PO-000488,P-00061611,S-000378,EUROTRANCIATURA,FIRM,2026-07-27,6720.0,0.0,PO-000488,Ferme
PO-000489,P-00061611,S-000378,EUROTRANCIATURA,FIRM,2026-08-09,960.0,0.0,PO-000489,Ferme
PO-000490,P-00061611,S-000378,EUROTRANCIATURA,FIRM,2026-08-27,4800.0,0.0,PO-000490,Ferme
PO-000491,P-00061611,S-000378,EUROTRANCIATURA,FIRM,2026-09-28,7680.0,7680.0,PO-000491,Ferme
PO-000492,P-00061611,S-000378,EUROTRANCIATURA,FIRM,2026-10-05,3840.0,3840.0,PO-000492,Ferme
PO-000493,P-00061611,S-000378,EUROTRANCIATURA,FIRM,2026-10-12,4800.0,4800.0,PO-000493,Ferme
PO-000494,P-00061611,S-000378,EUROTRANCIATURA,FORECAST,2026-10-19,5280.0,5280.0,PO-000494,Prévisionnel
PO-000495,P-00061611,S-000378,EUROTRANCIATURA,FORECAST,2026-10-26,4800.0,4800.0,PO-000495,Prévisionnel
PO-000496,P-00061611,S-000378,EUROTRANCIATURA,FORECAST,2026-11-02,4800.0,4800.0,PO-000496,Prévisionnel
PO-000497,P-00061611,S-000378,EUROTRANCIATURA,FORECAST,2026-11-09,4800.0,4800.0,PO-000497,Prévisionnel
PO-000498,P-00061611,S-000378,EUROTRANCIATURA,FORECAST,2026-11-16,4800.0,4800.0,PO-000498,Prévisionnel
PO-000499,P-00061611,S-000378,EUROTRANCIATURA,FORECAST,2026-11-23,4800.0,4800.0,PO-000499,Prévisionnel
PO-000500,P-00061611,S-000378,EUROTRANCIATURA,FORECAST,2026-11-30,4800.0,4800.0,PO-000500,Prévisionnel
PO-000501,P-00061611,S-000378,EUROTRANCIATURA,FORECAST,2026-12-07,5280.0,5280.0,PO-000501,Prévisionnel
PO-000502,P-00061611,S-000378,EUROTRANCIATURA,FORECAST,2026-12-14,6720.0,6720.0,PO-000502,Prévisionnel
PO-000503,P-00061611,S-000378,EUROTRANCIATURA,FORECAST,2027-01-11,6720.0,6720.0,PO-000503,Prévisionnel
PO-000504,P-00061611,S-000378,EUROTRANCIATURA,FORECAST,2027-01-18,6720.0,6720.0,PO-000504,Prévisionnel
PO-000505,P-00061611,S-000378,EUROTRANCIATURA,FORECAST,2027-01-25,4800.0,4800.0,PO-000505,Prévisionnel
PO-000506,P-00061611,S-000378,EUROTRANCIATURA,FORECAST,2027-02-01,4800.0,4800.0,PO-000506,Prévisionnel
PO-000507,P-00061611,S-000378,EUROTRANCIATURA,FORECAST,2027-02-08,4800.0,4800.0,PO-000507,Prévisionnel
PO-000508,P-00061611,S-000378,EUROTRANCIATURA,FORECAST,2027-02-15,4800.0,4800.0,PO-000508,Prévisionnel
PO-000509,P-00061611,S-000378,EUROTRANCIATURA,FORECAST,2027-02-22,5280.0,5280.0,PO-000509,Prévisionnel
PO-000510,P-00061611,S-000378,EUROTRANCIATURA,FORECAST,2027-03-01,5280.0,5280.0,PO-000510,Prévisionnel
PO-000511,P-00061611,S-000378,EUROTRANCIATURA,FORECAST,2027-03-08,5280.0,5280.0,PO-000511,Prévisionnel
PO-000512,P-00061611,S-000378,EUROTRANCIATURA,FORECAST,2027-03-15,4800.0,4800.0,PO-000512,Prévisionnel
PO-000513,P-00061611,S-000378,EUROTRANCIATURA,FORECAST,2027-03-22,4800.0,4800.0,PO-000513,Prévisionnel
PO-000514,P-00061611,S-000378,EUROTRANCIATURA,FORECAST,2027-03-29,4800.0,4800.0,PO-000514,Prévisionnel
PO-000515,P-00068225,S-000378,EUROTRANCIATURA,FIRM,2026-03-16,342.0,0.0,PO-000515,Ferme
PO-000520,P-00068225,S-000378,EUROTRANCIATURA,FIRM,2026-04-09,342.0,0.0,PO-000520,Ferme
PO-000525,P-00068225,S-000378,EUROTRANCIATURA,FIRM,2026-05-07,798.0,0.0,PO-000525,Ferme
PO-000530,P-00068225,S-000378,EUROTRANCIATURA,FIRM,2026-06-04,570.0,0.0,PO-000530,Ferme
PO-000533,P-00068225,S-000378,EUROTRANCIATURA,FIRM,2026-06-22,1596.0,0.0,PO-000533,Ferme
PO-000539,P-00068225,S-000378,EUROTRANCIATURA,FIRM,2026-08-09,2508.0,0.0,PO-000539,Ferme
PO-000541,P-00068225,S-000378,EUROTRANCIATURA,FIRM,2026-08-27,1596.0,0.0,PO-000541,Ferme
PO-000542,P-00068225,S-000378,EUROTRANCIATURA,FIRM,2026-09-27,3192.0,3192.0,PO-000542,Ferme
PO-000543,P-00068225,S-000378,EUROTRANCIATURA,FIRM,2026-10-01,1596.0,1596.0,PO-000543,Ferme
PO-000544,P-00068225,S-000378,EUROTRANCIATURA,FIRM,2026-10-05,912.0,912.0,PO-000544,Ferme
PO-000545,P-00068225,S-000378,EUROTRANCIATURA,FIRM,2026-10-12,1368.0,1368.0,PO-000545,Ferme
PO-000546,P-00068225,S-000378,EUROTRANCIATURA,FORECAST,2026-10-19,1140.0,1140.0,PO-000546,Prévisionnel
PO-000547,P-00068225,S-000378,EUROTRANCIATURA,FORECAST,2026-10-26,1596.0,1596.0,PO-000547,Prévisionnel
PO-000548,P-00068225,S-000378,EUROTRANCIATURA,FORECAST,2026-11-02,1596.0,1596.0,PO-000548,Prévisionnel
PO-000549,P-00068225,S-000378,EUROTRANCIATURA,FORECAST,2026-11-09,1596.0,1596.0,PO-000549,Prévisionnel
PO-000550,P-00068225,S-000378,EUROTRANCIATURA,FORECAST,2026-11-16,1140.0,1140.0,PO-000550,Prévisionnel
PO-000551,P-00068225,S-000378,EUROTRANCIATURA,FORECAST,2026-11-23,1596.0,1596.0,PO-000551,Prévisionnel
PO-000552,P-00068225,S-000378,EUROTRANCIATURA,FORECAST,2026-11-30,1596.0,1596.0,PO-000552,Prévisionnel
PO-000553,P-00068225,S-000378,EUROTRANCIATURA,FORECAST,2026-12-07,1596.0,1596.0,PO-000553,Prévisionnel
PO-000554,P-00068225,S-000378,EUROTRANCIATURA,FORECAST,2026-12-14,2850.0,2850.0,PO-000554,Prévisionnel
PO-000555,P-00068225,S-000378,EUROTRANCIATURA,FORECAST,2027-01-11,1596.0,1596.0,PO-000555,Prévisionnel
PO-000556,P-00068225,S-000378,EUROTRANCIATURA,FORECAST,2027-01-18,1596.0,1596.0,PO-000556,Prévisionnel
PO-000557,P-00068225,S-000378,EUROTRANCIATURA,FORECAST,2027-01-25,1596.0,1596.0,PO-000557,Prévisionnel
PO-000558,P-00068225,S-000378,EUROTRANCIATURA,FORECAST,2027-02-01,1596.0,1596.0,PO-000558,Prévisionnel
PO-000559,P-00068225,S-000378,EUROTRANCIATURA,FORECAST,2027-02-08,1596.0,1596.0,PO-000559,Prévisionnel
PO-000560,P-00068225,S-000378,EUROTRANCIATURA,FORECAST,2027-02-15,1596.0,1596.0,PO-000560,Prévisionnel
PO-000561,P-00068225,S-000378,EUROTRANCIATURA,FORECAST,2027-02-22,1596.0,1596.0,PO-000561,Prévisionnel
PO-000562,P-00068225,S-000378,EUROTRANCIATURA,FORECAST,2027-03-01,1596.0,1596.0,PO-000562,Prévisionnel
PO-000563,P-00068225,S-000378,EUROTRANCIATURA,FORECAST,2027-03-08,1596.0,1596.0,PO-000563,Prévisionnel
PO-000564,P-00068225,S-000378,EUROTRANCIATURA,FORECAST,2027-03-15,1596.0,1596.0,PO-000564,Prévisionnel
PO-000565,P-00068225,S-000378,EUROTRANCIATURA,FORECAST,2027-03-22,1596.0,1596.0,PO-000565,Prévisionnel
PO-000566,P-00068225,S-000378,EUROTRANCIATURA,FORECAST,2027-03-29,1596.0,1596.0,PO-000566,Prévisionnel
PO-000567,P-00072208,S-000517,ENNOVI HUNGARY,FIRM,2026-04-09,2700.0,0.0,PO-000567,Ferme
PO-000568,P-00072208,S-000517,ENNOVI HUNGARY,FIRM,2026-04-23,5400.0,0.0,PO-000568,Ferme
PO-000569,P-00072208,S-000517,ENNOVI HUNGARY,FIRM,2026-05-07,4500.0,0.0,PO-000569,Ferme
PO-000570,P-00072208,S-000517,ENNOVI HUNGARY,FIRM,2026-05-18,4500.0,0.0,PO-000570,Ferme
PO-000571,P-00072208,S-000517,ENNOVI HUNGARY,FIRM,2026-05-21,5400.0,0.0,PO-000571,Ferme
PO-000572,P-00072208,S-000517,ENNOVI HUNGARY,FIRM,2026-05-28,1800.0,0.0,PO-000572,Ferme
PO-000574,P-00072208,S-000517,ENNOVI HUNGARY,FIRM,2026-06-11,5400.0,0.0,PO-000574,Ferme
PO-000576,P-00072208,S-000517,ENNOVI HUNGARY,FIRM,2026-06-18,5400.0,0.0,PO-000576,Ferme
PO-000578,P-00072208,S-000517,ENNOVI HUNGARY,FIRM,2026-06-25,5400.0,0.0,PO-000578,Ferme
PO-000580,P-00072208,S-000517,ENNOVI HUNGARY,FIRM,2026-07-09,5400.0,0.0,PO-000580,Ferme
PO-000583,P-00072208,S-000517,ENNOVI HUNGARY,FIRM,2026-08-09,5400.0,0.0,PO-000583,Ferme
PO-000584,P-00072208,S-000517,ENNOVI HUNGARY,FIRM,2026-08-20,2700.0,0.0,PO-000584,Ferme
PO-000585,P-00072208,S-000517,ENNOVI HUNGARY,FIRM,2026-08-27,5400.0,0.0,PO-000585,Ferme
PO-000587,P-00072208,S-000517,ENNOVI HUNGARY,FIRM,2026-09-17,900.0,0.0,PO-000587,Ferme
PO-000588,P-00072208,S-000517,ENNOVI HUNGARY,FIRM,2026-09-24,4500.0,4500.0,PO-000588,Ferme
PO-000589,P-00072208,S-000517,ENNOVI HUNGARY,FIRM,2026-09-27,900.0,900.0,PO-000589,Ferme
PO-000590,P-00072208,S-000517,ENNOVI HUNGARY,FIRM,2026-10-01,4500.0,4500.0,PO-000590,Ferme
PO-000591,P-00072208,S-000517,ENNOVI HUNGARY,FIRM,2026-10-08,4500.0,4500.0,PO-000591,Ferme
PO-000592,P-00072208,S-000517,ENNOVI HUNGARY,FIRM,2026-10-15,5400.0,5400.0,PO-000592,Ferme
PO-000593,P-00072208,S-000517,ENNOVI HUNGARY,FORECAST,2026-10-22,5400.0,5400.0,PO-000593,Prévisionnel
PO-000594,P-00072208,S-000517,ENNOVI HUNGARY,FORECAST,2026-10-29,5400.0,5400.0,PO-000594,Prévisionnel
PO-000595,P-00072208,S-000517,ENNOVI HUNGARY,FORECAST,2026-11-05,5400.0,5400.0,PO-000595,Prévisionnel
PO-000596,P-00072208,S-000517,ENNOVI HUNGARY,FORECAST,2026-11-12,6300.0,6300.0,PO-000596,Prévisionnel
PO-000597,P-00072208,S-000517,ENNOVI HUNGARY,FORECAST,2026-11-19,5400.0,5400.0,PO-000597,Prévisionnel
PO-000598,P-00072208,S-000517,ENNOVI HUNGARY,FORECAST,2026-11-26,5400.0,5400.0,PO-000598,Prévisionnel
PO-000599,P-00072208,S-000517,ENNOVI HUNGARY,FORECAST,2026-12-03,5400.0,5400.0,PO-000599,Prévisionnel
PO-000600,P-00072208,S-000517,ENNOVI HUNGARY,FORECAST,2026-12-10,6300.0,6300.0,PO-000600,Prévisionnel
PO-000601,P-00072208,S-000517,ENNOVI HUNGARY,FORECAST,2026-12-17,5400.0,5400.0,PO-000601,Prévisionnel
PO-000602,P-00072208,S-000517,ENNOVI HUNGARY,FORECAST,2027-01-14,5400.0,5400.0,PO-000602,Prévisionnel
PO-000603,P-00072208,S-000517,ENNOVI HUNGARY,FORECAST,2027-01-21,6300.0,6300.0,PO-000603,Prévisionnel
PO-000604,P-00072208,S-000517,ENNOVI HUNGARY,FORECAST,2027-01-28,5400.0,5400.0,PO-000604,Prévisionnel
PO-000605,P-00072208,S-000517,ENNOVI HUNGARY,FORECAST,2027-02-04,6300.0,6300.0,PO-000605,Prévisionnel
PO-000606,P-00072208,S-000517,ENNOVI HUNGARY,FORECAST,2027-02-11,5400.0,5400.0,PO-000606,Prévisionnel
PO-000607,P-00072208,S-000517,ENNOVI HUNGARY,FORECAST,2027-02-18,5400.0,5400.0,PO-000607,Prévisionnel
PO-000608,P-00072208,S-000517,ENNOVI HUNGARY,FORECAST,2027-02-25,5400.0,5400.0,PO-000608,Prévisionnel
PO-000609,P-00072208,S-000517,ENNOVI HUNGARY,FORECAST,2027-03-04,5400.0,5400.0,PO-000609,Prévisionnel
PO-000610,P-00072208,S-000517,ENNOVI HUNGARY,FORECAST,2027-03-11,5400.0,5400.0,PO-000610,Prévisionnel
PO-000611,P-00072208,S-000517,ENNOVI HUNGARY,FORECAST,2027-03-18,5400.0,5400.0,PO-000611,Prévisionnel
PO-000612,P-00072208,S-000517,ENNOVI HUNGARY,FORECAST,2027-03-25,5400.0,5400.0,PO-000612,Prévisionnel
PO-000613,P-00072208,S-000517,ENNOVI HUNGARY,FORECAST,2027-04-01,5400.0,5400.0,PO-000613,Prévisionnel
PO-000614,P-00076292,S-000032,R.BOURGEOIS S.A.,FIRM,2026-03-18,1104.0,0.0,PO-000614,Ferme
PO-000616,P-00076292,S-000032,R.BOURGEOIS S.A.,FIRM,2026-03-24,1104.0,0.0,PO-000616,Ferme
PO-000617,P-00076292,S-000032,R.BOURGEOIS S.A.,FIRM,2026-03-26,1104.0,0.0,PO-000617,Ferme
PO-000618,P-00076292,S-000032,R.BOURGEOIS S.A.,FIRM,2026-03-30,1104.0,0.0,PO-000618,Ferme
PO-000619,P-00076292,S-000032,R.BOURGEOIS S.A.,FIRM,2026-04-01,1104.0,0.0,PO-000619,Ferme
PO-000620,P-00076292,S-000032,R.BOURGEOIS S.A.,FIRM,2026-04-02,1104.0,0.0,PO-000620,Ferme
PO-000621,P-00076292,S-000032,R.BOURGEOIS S.A.,FIRM,2026-04-09,936.0,0.0,PO-000621,Ferme
PO-000622,P-00076292,S-000032,R.BOURGEOIS S.A.,FIRM,2026-04-10,168.0,0.0,PO-000622,Ferme
PO-000623,P-00076292,S-000032,R.BOURGEOIS S.A.,FIRM,2026-04-13,1104.0,0.0,PO-000623,Ferme
PO-000624,P-00076292,S-000032,R.BOURGEOIS S.A.,FIRM,2026-04-14,1080.0,0.0,PO-000624,Ferme
PO-000625,P-00076292,S-000032,R.BOURGEOIS S.A.,FIRM,2026-04-16,1104.0,0.0,PO-000625,Ferme
PO-000626,P-00076292,S-000032,R.BOURGEOIS S.A.,FIRM,2026-04-21,1104.0,0.0,PO-000626,Ferme
PO-000627,P-00076292,S-000032,R.BOURGEOIS S.A.,FIRM,2026-04-23,1104.0,0.0,PO-000627,Ferme
PO-000628,P-00076292,S-000032,R.BOURGEOIS S.A.,FIRM,2026-04-28,1104.0,0.0,PO-000628,Ferme
PO-000629,P-00076292,S-000032,R.BOURGEOIS S.A.,FIRM,2026-04-30,1104.0,0.0,PO-000629,Ferme
PO-000630,P-00076292,S-000032,R.BOURGEOIS S.A.,FIRM,2026-05-05,1104.0,0.0,PO-000630,Ferme
PO-000631,P-00076292,S-000032,R.BOURGEOIS S.A.,FIRM,2026-05-07,1104.0,0.0,PO-000631,Ferme
PO-000632,P-00076292,S-000032,R.BOURGEOIS S.A.,FIRM,2026-05-12,1104.0,0.0,PO-000632,Ferme
PO-000633,P-00076292,S-000032,R.BOURGEOIS S.A.,FIRM,2026-05-13,1104.0,0.0,PO-000633,Ferme
PO-000634,P-00076292,S-000032,R.BOURGEOIS S.A.,FIRM,2026-05-19,1104.0,0.0,PO-000634,Ferme
PO-000635,P-00076292,S-000032,R.BOURGEOIS S.A.,FIRM,2026-05-26,1104.0,0.0,PO-000635,Ferme
PO-000636,P-00076292,S-000032,R.BOURGEOIS S.A.,FIRM,2026-05-28,1104.0,0.0,PO-000636,Ferme
PO-000637,P-00076292,S-000032,R.BOURGEOIS S.A.,FIRM,2026-05-29,1104.0,0.0,PO-000637,Ferme
PO-000638,P-00076292,S-000032,R.BOURGEOIS S.A.,FIRM,2026-06-01,1104.0,0.0,PO-000638,Ferme
PO-000639,P-00076292,S-000032,R.BOURGEOIS S.A.,FIRM,2026-06-03,1104.0,0.0,PO-000639,Ferme
PO-000640,P-00076292,S-000032,R.BOURGEOIS S.A.,FIRM,2026-06-08,1104.0,0.0,PO-000640,Ferme
PO-000641,P-00076292,S-000032,R.BOURGEOIS S.A.,FIRM,2026-06-11,1104.0,0.0,PO-000641,Ferme
PO-000642,P-00076292,S-000032,R.BOURGEOIS S.A.,FIRM,2026-06-16,1104.0,0.0,PO-000642,Ferme
PO-000643,P-00076292,S-000032,R.BOURGEOIS S.A.,FIRM,2026-06-18,1104.0,0.0,PO-000643,Ferme
PO-000644,P-00076292,S-000032,R.BOURGEOIS S.A.,FIRM,2026-06-23,1104.0,0.0,PO-000644,Ferme
PO-000645,P-00076292,S-000032,R.BOURGEOIS S.A.,FIRM,2026-06-25,1104.0,0.0,PO-000645,Ferme
PO-000646,P-00076292,S-000032,R.BOURGEOIS S.A.,FIRM,2026-07-07,1104.0,0.0,PO-000646,Ferme
PO-000647,P-00076292,S-000032,R.BOURGEOIS S.A.,FIRM,2026-07-09,1104.0,0.0,PO-000647,Ferme
PO-000648,P-00076292,S-000032,R.BOURGEOIS S.A.,FIRM,2026-07-13,1104.0,0.0,PO-000648,Ferme
PO-000649,P-00076292,S-000032,R.BOURGEOIS S.A.,FIRM,2026-07-16,2208.0,0.0,PO-000649,Ferme
PO-000650,P-00076292,S-000032,R.BOURGEOIS S.A.,FIRM,2026-07-21,1104.0,0.0,PO-000650,Ferme
PO-000651,P-00076292,S-000032,R.BOURGEOIS S.A.,FIRM,2026-07-23,1104.0,0.0,PO-000651,Ferme
PO-000652,P-00076292,S-000032,R.BOURGEOIS S.A.,FIRM,2026-08-28,1104.0,0.0,PO-000652,Ferme
PO-000653,P-00076292,S-000032,R.BOURGEOIS S.A.,FIRM,2026-09-04,1104.0,0.0,PO-000653,Ferme
PO-000654,P-00076292,S-000032,R.BOURGEOIS S.A.,FIRM,2026-09-11,1104.0,0.0,PO-000654,Ferme
PO-000655,P-00076292,S-000032,R.BOURGEOIS S.A.,FIRM,2026-09-18,1104.0,0.0,PO-000655,Ferme
PO-000656,P-00076292,S-000032,R.BOURGEOIS S.A.,FIRM,2026-09-22,1104.0,1104.0,PO-000656,Ferme
PO-000657,P-00076292,S-000032,R.BOURGEOIS S.A.,FIRM,2026-10-05,2208.0,2208.0,PO-000657,Ferme
PO-000658,P-00076292,S-000032,R.BOURGEOIS S.A.,FIRM,2026-10-12,2208.0,2208.0,PO-000658,Ferme
PO-000659,P-00076292,S-000032,R.BOURGEOIS S.A.,FORECAST,2026-10-19,2208.0,2208.0,PO-000659,Prévisionnel
PO-000660,P-00076292,S-000032,R.BOURGEOIS S.A.,FORECAST,2026-10-26,2208.0,2208.0,PO-000660,Prévisionnel
PO-000661,P-00076292,S-000032,R.BOURGEOIS S.A.,FORECAST,2026-11-02,2208.0,2208.0,PO-000661,Prévisionnel
PO-000662,P-00076292,S-000032,R.BOURGEOIS S.A.,FORECAST,2026-11-09,3312.0,3312.0,PO-000662,Prévisionnel
PO-000663,P-00076292,S-000032,R.BOURGEOIS S.A.,FORECAST,2026-11-16,2208.0,2208.0,PO-000663,Prévisionnel
PO-000664,P-00076292,S-000032,R.BOURGEOIS S.A.,FORECAST,2026-11-23,2208.0,2208.0,PO-000664,Prévisionnel
PO-000665,P-00076292,S-000032,R.BOURGEOIS S.A.,FORECAST,2026-11-30,2208.0,2208.0,PO-000665,Prévisionnel
PO-000666,P-00076292,S-000032,R.BOURGEOIS S.A.,FORECAST,2026-12-07,3312.0,3312.0,PO-000666,Prévisionnel
PO-000667,P-00076292,S-000032,R.BOURGEOIS S.A.,FORECAST,2026-12-14,2208.0,2208.0,PO-000667,Prévisionnel
PO-000668,P-00076292,S-000032,R.BOURGEOIS S.A.,FORECAST,2026-12-21,1104.0,1104.0,PO-000668,Prévisionnel
PO-000669,P-00076292,S-000032,R.BOURGEOIS S.A.,FORECAST,2027-01-11,3312.0,3312.0,PO-000669,Prévisionnel
PO-000670,P-00076292,S-000032,R.BOURGEOIS S.A.,FORECAST,2027-01-18,3312.0,3312.0,PO-000670,Prévisionnel
PO-000671,P-00076292,S-000032,R.BOURGEOIS S.A.,FORECAST,2027-01-25,2208.0,2208.0,PO-000671,Prévisionnel
PO-000672,P-00076292,S-000032,R.BOURGEOIS S.A.,FORECAST,2027-02-01,2208.0,2208.0,PO-000672,Prévisionnel
PO-000673,P-00076292,S-000032,R.BOURGEOIS S.A.,FORECAST,2027-02-08,3312.0,3312.0,PO-000673,Prévisionnel
PO-000674,P-00076292,S-000032,R.BOURGEOIS S.A.,FORECAST,2027-02-15,2208.0,2208.0,PO-000674,Prévisionnel
PO-000675,P-00076292,S-000032,R.BOURGEOIS S.A.,FORECAST,2027-02-22,2208.0,2208.0,PO-000675,Prévisionnel
PO-000676,P-00076292,S-000032,R.BOURGEOIS S.A.,FORECAST,2027-03-01,2208.0,2208.0,PO-000676,Prévisionnel
PO-000677,P-00076292,S-000032,R.BOURGEOIS S.A.,FORECAST,2027-03-08,3312.0,3312.0,PO-000677,Prévisionnel
PO-000678,P-00076292,S-000032,R.BOURGEOIS S.A.,FORECAST,2027-03-15,2208.0,2208.0,PO-000678,Prévisionnel
PO-000679,P-00076292,S-000032,R.BOURGEOIS S.A.,FORECAST,2027-03-22,2208.0,2208.0,PO-000679,Prévisionnel
PO-000680,P-00076292,S-000032,R.BOURGEOIS S.A.,FORECAST,2027-03-29,3312.0,3312.0,PO-000680,Prévisionnel
PO-000695,P-00097112,S-000904,ESSEX Furukawa Magnet Wire,FIRM,2026-06-25,5730.0,0.0,PO-000695,Ferme
PO-000697,P-00097112,S-000904,ESSEX Furukawa Magnet Wire,FIRM,2026-07-09,5730.0,0.0,PO-000697,Ferme
PO-000698,P-00097112,S-000904,ESSEX Furukawa Magnet Wire,FIRM,2026-07-16,5730.0,0.0,PO-000698,Ferme
PO-000699,P-00097112,S-000904,ESSEX Furukawa Magnet Wire,FIRM,2026-07-23,5730.0,0.0,PO-000699,Ferme
PO-000701,P-00097112,S-000904,ESSEX Furukawa Magnet Wire,FIRM,2026-08-20,9168.0,0.0,PO-000701,Ferme
PO-000702,P-00097112,S-000904,ESSEX Furukawa Magnet Wire,FIRM,2026-08-27,9168.0,0.0,PO-000702,Ferme
PO-000705,P-00097112,S-000904,ESSEX Furukawa Magnet Wire,FIRM,2026-09-24,6303.0,6303.0,PO-000705,Ferme
PO-000706,P-00097112,S-000904,ESSEX Furukawa Magnet Wire,FIRM,2026-09-27,26600.0,26600.0,PO-000706,Ferme
PO-000707,P-00097112,S-000904,ESSEX Furukawa Magnet Wire,FIRM,2026-10-01,6303.0,6303.0,PO-000707,Ferme
PO-000708,P-00097112,S-000904,ESSEX Furukawa Magnet Wire,FIRM,2026-10-08,3438.0,3438.0,PO-000708,Ferme
PO-000709,P-00097112,S-000904,ESSEX Furukawa Magnet Wire,FIRM,2026-10-15,3438.0,3438.0,PO-000709,Ferme
PO-000710,P-00097112,S-000904,ESSEX Furukawa Magnet Wire,FORECAST,2026-10-22,3438.0,3438.0,PO-000710,Prévisionnel
PO-000711,P-00097112,S-000904,ESSEX Furukawa Magnet Wire,FORECAST,2026-10-29,2865.0,2865.0,PO-000711,Prévisionnel
PO-000712,P-00097112,S-000904,ESSEX Furukawa Magnet Wire,FORECAST,2026-11-02,6876.0,6876.0,PO-000712,Prévisionnel
PO-000713,P-00097112,S-000904,ESSEX Furukawa Magnet Wire,FORECAST,2026-11-09,6303.0,6303.0,PO-000713,Prévisionnel
PO-000714,P-00097112,S-000904,ESSEX Furukawa Magnet Wire,FORECAST,2026-11-16,6303.0,6303.0,PO-000714,Prévisionnel
PO-000715,P-00097112,S-000904,ESSEX Furukawa Magnet Wire,FORECAST,2026-11-23,6303.0,6303.0,PO-000715,Prévisionnel
PO-000716,P-00097112,S-000904,ESSEX Furukawa Magnet Wire,FORECAST,2026-11-30,6303.0,6303.0,PO-000716,Prévisionnel
PO-000717,P-00097112,S-000904,ESSEX Furukawa Magnet Wire,FORECAST,2026-12-07,6303.0,6303.0,PO-000717,Prévisionnel
PO-000718,P-00097112,S-000904,ESSEX Furukawa Magnet Wire,FORECAST,2026-12-14,6303.0,6303.0,PO-000718,Prévisionnel
PO-000719,P-00097112,S-000904,ESSEX Furukawa Magnet Wire,FORECAST,2026-12-21,6303.0,6303.0,PO-000719,Prévisionnel
PO-000720,P-00097112,S-000904,ESSEX Furukawa Magnet Wire,FORECAST,2027-01-11,5730.0,5730.0,PO-000720,Prévisionnel
PO-000721,P-00097112,S-000904,ESSEX Furukawa Magnet Wire,FORECAST,2027-01-18,5730.0,5730.0,PO-000721,Prévisionnel
PO-000722,P-00097112,S-000904,ESSEX Furukawa Magnet Wire,FORECAST,2027-01-25,5730.0,5730.0,PO-000722,Prévisionnel
PO-000723,P-00097112,S-000904,ESSEX Furukawa Magnet Wire,FORECAST,2027-02-01,5730.0,5730.0,PO-000723,Prévisionnel
PO-000724,P-00097112,S-000904,ESSEX Furukawa Magnet Wire,FORECAST,2027-02-08,5730.0,5730.0,PO-000724,Prévisionnel
PO-000725,P-00097112,S-000904,ESSEX Furukawa Magnet Wire,FORECAST,2027-02-15,5730.0,5730.0,PO-000725,Prévisionnel
PO-000726,P-00097112,S-000904,ESSEX Furukawa Magnet Wire,FORECAST,2027-02-22,5730.0,5730.0,PO-000726,Prévisionnel
PO-000727,P-00097112,S-000904,ESSEX Furukawa Magnet Wire,FORECAST,2027-03-01,6303.0,6303.0,PO-000727,Prévisionnel
PO-000728,P-00097112,S-000904,ESSEX Furukawa Magnet Wire,FORECAST,2027-03-08,6303.0,6303.0,PO-000728,Prévisionnel
PO-000729,P-00097112,S-000904,ESSEX Furukawa Magnet Wire,FORECAST,2027-03-15,6303.0,6303.0,PO-000729,Prévisionnel
PO-000730,P-00097112,S-000904,ESSEX Furukawa Magnet Wire,FORECAST,2027-03-22,6303.0,6303.0,PO-000730,Prévisionnel
PO-000731,P-00097112,S-000904,ESSEX Furukawa Magnet Wire,FORECAST,2027-03-29,6303.0,6303.0,PO-000731,Prévisionnel
PO-000732,P-00162871,S-000378,EUROTRANCIATURA,FIRM,2026-03-16,8640.0,0.0,PO-000732,Ferme
PO-000737,P-00162871,S-000378,EUROTRANCIATURA,FIRM,2026-04-02,7200.0,0.0,PO-000737,Ferme
PO-000738,P-00162871,S-000378,EUROTRANCIATURA,FIRM,2026-04-09,16320.0,0.0,PO-000738,Ferme
PO-000739,P-00162871,S-000378,EUROTRANCIATURA,FIRM,2026-04-13,8160.0,0.0,PO-000739,Ferme
PO-000744,P-00162871,S-000378,EUROTRANCIATURA,FIRM,2026-04-30,4800.0,0.0,PO-000744,Ferme
PO-000746,P-00162871,S-000378,EUROTRANCIATURA,FIRM,2026-05-07,5760.0,0.0,PO-000746,Ferme
PO-000748,P-00162871,S-000378,EUROTRANCIATURA,FIRM,2026-06-29,21000.0,0.0,PO-000748,Ferme
PO-000750,P-00162871,S-000378,EUROTRANCIATURA,FIRM,2026-09-21,3360.0,3360.0,PO-000750,Ferme
PO-000751,P-00162871,S-000378,EUROTRANCIATURA,FIRM,2026-09-28,3840.0,3840.0,PO-000751,Ferme
PO-000752,P-00162871,S-000378,EUROTRANCIATURA,FIRM,2026-10-05,3360.0,3360.0,PO-000752,Ferme
PO-000753,P-00162871,S-000378,EUROTRANCIATURA,FIRM,2026-10-12,3360.0,3360.0,PO-000753,Ferme
PO-000754,P-00162871,S-000378,EUROTRANCIATURA,FORECAST,2026-10-19,3360.0,3360.0,PO-000754,Prévisionnel
PO-000755,P-00162871,S-000378,EUROTRANCIATURA,FORECAST,2026-10-26,3360.0,3360.0,PO-000755,Prévisionnel
PO-000756,P-00162871,S-000378,EUROTRANCIATURA,FORECAST,2026-11-02,3360.0,3360.0,PO-000756,Prévisionnel
PO-000757,P-00162871,S-000378,EUROTRANCIATURA,FORECAST,2026-11-09,3360.0,3360.0,PO-000757,Prévisionnel
PO-000758,P-00162871,S-000378,EUROTRANCIATURA,FORECAST,2026-11-16,3360.0,3360.0,PO-000758,Prévisionnel
PO-000759,P-00162871,S-000378,EUROTRANCIATURA,FORECAST,2026-11-23,3840.0,3840.0,PO-000759,Prévisionnel
PO-000760,P-00162871,S-000378,EUROTRANCIATURA,FORECAST,2026-11-30,3360.0,3360.0,PO-000760,Prévisionnel
PO-000761,P-00162871,S-000378,EUROTRANCIATURA,FORECAST,2026-12-07,3840.0,3840.0,PO-000761,Prévisionnel
PO-000762,P-00162871,S-000378,EUROTRANCIATURA,FORECAST,2026-12-14,3360.0,3360.0,PO-000762,Prévisionnel
PO-000763,P-00162871,S-000378,EUROTRANCIATURA,FORECAST,2026-12-21,3360.0,3360.0,PO-000763,Prévisionnel
PO-000764,P-00162871,S-000378,EUROTRANCIATURA,FORECAST,2027-01-11,3360.0,3360.0,PO-000764,Prévisionnel
PO-000765,P-00162871,S-000378,EUROTRANCIATURA,FORECAST,2027-01-18,3360.0,3360.0,PO-000765,Prévisionnel
PO-000766,P-00162871,S-000378,EUROTRANCIATURA,FORECAST,2027-01-25,3360.0,3360.0,PO-000766,Prévisionnel
PO-000767,P-00162871,S-000378,EUROTRANCIATURA,FORECAST,2027-02-01,3360.0,3360.0,PO-000767,Prévisionnel
PO-000768,P-00162871,S-000378,EUROTRANCIATURA,FORECAST,2027-02-08,3360.0,3360.0,PO-000768,Prévisionnel
PO-000769,P-00162871,S-000378,EUROTRANCIATURA,FORECAST,2027-02-15,3360.0,3360.0,PO-000769,Prévisionnel
PO-000770,P-00162871,S-000378,EUROTRANCIATURA,FORECAST,2027-02-22,3360.0,3360.0,PO-000770,Prévisionnel
PO-000771,P-00162871,S-000378,EUROTRANCIATURA,FORECAST,2027-03-01,3840.0,3840.0,PO-000771,Prévisionnel
PO-000772,P-00162871,S-000378,EUROTRANCIATURA,FORECAST,2027-03-08,3360.0,3360.0,PO-000772,Prévisionnel
PO-000773,P-00162871,S-000378,EUROTRANCIATURA,FORECAST,2027-03-15,3840.0,3840.0,PO-000773,Prévisionnel
PO-000774,P-00162871,S-000378,EUROTRANCIATURA,FORECAST,2027-03-22,3360.0,3360.0,PO-000774,Prévisionnel
PO-000775,P-00162871,S-000378,EUROTRANCIATURA,FORECAST,2027-03-29,3360.0,3360.0,PO-000775,Prévisionnel
PO-000776,P-00162871,S-001562,EUROMISI,FIRM,2026-05-07,12000.0,0.0,PO-000776,Ferme
PO-000777,P-00162871,S-001562,EUROMISI,FIRM,2026-05-18,12000.0,0.0,PO-000777,Ferme
PO-000778,P-00162871,S-001562,EUROMISI,FIRM,2026-05-27,14400.0,0.0,PO-000778,Ferme
PO-000779,P-00162871,S-001562,EUROMISI,FIRM,2026-06-03,14400.0,0.0,PO-000779,Ferme
PO-000782,P-00162871,S-001562,EUROMISI,FIRM,2026-06-18,7200.0,0.0,PO-000782,Ferme
PO-000783,P-00162871,S-001562,EUROMISI,FIRM,2026-06-26,7200.0,0.0,PO-000783,Ferme
PO-000784,P-00162871,S-001562,EUROMISI,FIRM,2026-07-08,15360.0,0.0,PO-000784,Ferme
PO-000785,P-00162871,S-001562,EUROMISI,FIRM,2026-07-21,10080.0,0.0,PO-000785,Ferme
PO-000786,P-00162871,S-001562,EUROMISI,FIRM,2026-08-25,7200.0,0.0,PO-000786,Ferme
PO-000787,P-00162871,S-001562,EUROMISI,FIRM,2026-08-27,9120.0,0.0,PO-000787,Ferme
PO-000788,P-00162871,S-001562,EUROMISI,FIRM,2026-09-01,4800.0,0.0,PO-000788,Ferme
PO-000789,P-00162871,S-001562,EUROMISI,FIRM,2026-09-04,11520.0,0.0,PO-000789,Ferme
PO-000790,P-00162871,S-001562,EUROMISI,FIRM,2026-09-08,12480.0,0.0,PO-000790,Ferme
PO-000791,P-00162871,S-001562,EUROMISI,FIRM,2026-09-14,7680.0,0.0,PO-000791,Ferme
PO-000792,P-00162871,S-001562,EUROMISI,FIRM,2026-09-17,10560.0,0.0,PO-000792,Ferme
PO-000793,P-00162871,S-001562,EUROMISI,FIRM,2026-09-21,30240.0,30240.0,PO-000793,Ferme
PO-000794,P-00162871,S-001562,EUROMISI,FIRM,2026-09-28,14400.0,14400.0,PO-000794,Ferme
PO-000795,P-00162871,S-001562,EUROMISI,FIRM,2026-10-05,13920.0,13920.0,PO-000795,Ferme
PO-000796,P-00162871,S-001562,EUROMISI,FIRM,2026-10-12,13920.0,13920.0,PO-000796,Ferme
PO-000797,P-00162871,S-001562,EUROMISI,FORECAST,2026-10-19,13920.0,13920.0,PO-000797,Prévisionnel
PO-000798,P-00162871,S-001562,EUROMISI,FORECAST,2026-10-26,13920.0,13920.0,PO-000798,Prévisionnel
PO-000799,P-00162871,S-001562,EUROMISI,FORECAST,2026-11-02,13920.0,13920.0,PO-000799,Prévisionnel
PO-000800,P-00162871,S-001562,EUROMISI,FORECAST,2026-11-09,13920.0,13920.0,PO-000800,Prévisionnel
PO-000801,P-00162871,S-001562,EUROMISI,FORECAST,2026-11-16,13920.0,13920.0,PO-000801,Prévisionnel
PO-000802,P-00162871,S-001562,EUROMISI,FORECAST,2026-11-23,14400.0,14400.0,PO-000802,Prévisionnel
PO-000803,P-00162871,S-001562,EUROMISI,FORECAST,2026-11-30,13920.0,13920.0,PO-000803,Prévisionnel
PO-000804,P-00162871,S-001562,EUROMISI,FORECAST,2026-12-07,14400.0,14400.0,PO-000804,Prévisionnel
PO-000805,P-00162871,S-001562,EUROMISI,FORECAST,2026-12-14,13920.0,13920.0,PO-000805,Prévisionnel
PO-000806,P-00162871,S-001562,EUROMISI,FORECAST,2026-12-21,13920.0,13920.0,PO-000806,Prévisionnel
PO-000807,P-00162871,S-001562,EUROMISI,FORECAST,2027-01-11,13920.0,13920.0,PO-000807,Prévisionnel
PO-000808,P-00162871,S-001562,EUROMISI,FORECAST,2027-01-18,13920.0,13920.0,PO-000808,Prévisionnel
PO-000809,P-00162871,S-001562,EUROMISI,FORECAST,2027-01-25,13920.0,13920.0,PO-000809,Prévisionnel
PO-000810,P-00162871,S-001562,EUROMISI,FORECAST,2027-02-01,13920.0,13920.0,PO-000810,Prévisionnel
PO-000811,P-00162871,S-001562,EUROMISI,FORECAST,2027-02-08,13920.0,13920.0,PO-000811,Prévisionnel
PO-000812,P-00162871,S-001562,EUROMISI,FORECAST,2027-02-15,13920.0,13920.0,PO-000812,Prévisionnel
PO-000813,P-00162871,S-001562,EUROMISI,FORECAST,2027-02-22,13920.0,13920.0,PO-000813,Prévisionnel
PO-000814,P-00162871,S-001562,EUROMISI,FORECAST,2027-03-01,13920.0,13920.0,PO-000814,Prévisionnel
PO-000815,P-00162871,S-001562,EUROMISI,FORECAST,2027-03-08,13920.0,13920.0,PO-000815,Prévisionnel
PO-000816,P-00162871,S-001562,EUROMISI,FORECAST,2027-03-15,13920.0,13920.0,PO-000816,Prévisionnel
PO-000817,P-00162871,S-001562,EUROMISI,FORECAST,2027-03-22,13920.0,13920.0,PO-000817,Prévisionnel
PO-000818,P-00162871,S-001562,EUROMISI,FORECAST,2027-03-29,13920.0,13920.0,PO-000818,Prévisionnel
PO-000819,P-00197812,S-000378,EUROTRANCIATURA,FIRM,2026-04-13,665.0,0.0,PO-000819,Ferme
PO-000824,P-00197812,S-000378,EUROTRANCIATURA,FIRM,2026-04-30,1425.0,0.0,PO-000824,Ferme
PO-000825,P-00197812,S-000378,EUROTRANCIATURA,FIRM,2026-05-04,950.0,0.0,PO-000825,Ferme
PO-000826,P-00197812,S-000378,EUROTRANCIATURA,FIRM,2026-05-07,1045.0,0.0,PO-000826,Ferme
PO-000831,P-00197812,S-000378,EUROTRANCIATURA,FIRM,2026-05-28,1330.0,0.0,PO-000831,Ferme
PO-000837,P-00197812,S-000378,EUROTRANCIATURA,FIRM,2026-06-15,2755.0,0.0,PO-000837,Ferme
PO-000841,P-00197812,S-000378,EUROTRANCIATURA,FIRM,2026-07-06,2755.0,0.0,PO-000841,Ferme
PO-000844,P-00197812,S-000378,EUROTRANCIATURA,FIRM,2026-07-27,760.0,0.0,PO-000844,Ferme
PO-000845,P-00197812,S-000378,EUROTRANCIATURA,FIRM,2026-08-09,1425.0,0.0,PO-000845,Ferme
PO-000850,P-00197812,S-000378,EUROTRANCIATURA,FIRM,2026-09-27,3515.0,3515.0,PO-000850,Ferme
PO-000851,P-00197812,S-000378,EUROTRANCIATURA,FIRM,2026-09-28,285.0,285.0,PO-000851,Ferme
PO-000852,P-00197812,S-000378,EUROTRANCIATURA,FIRM,2026-10-05,855.0,855.0,PO-000852,Ferme
PO-000853,P-00197812,S-000378,EUROTRANCIATURA,FIRM,2026-10-12,855.0,855.0,PO-000853,Ferme
PO-000854,P-00197812,S-000378,EUROTRANCIATURA,FORECAST,2026-10-19,855.0,855.0,PO-000854,Prévisionnel
PO-000855,P-00197812,S-000378,EUROTRANCIATURA,FORECAST,2026-10-26,760.0,760.0,PO-000855,Prévisionnel
PO-000856,P-00197812,S-000378,EUROTRANCIATURA,FORECAST,2026-11-02,855.0,855.0,PO-000856,Prévisionnel
PO-000857,P-00197812,S-000378,EUROTRANCIATURA,FORECAST,2026-11-09,855.0,855.0,PO-000857,Prévisionnel
PO-000858,P-00197812,S-000378,EUROTRANCIATURA,FORECAST,2026-11-16,855.0,855.0,PO-000858,Prévisionnel
PO-000859,P-00197812,S-000378,EUROTRANCIATURA,FORECAST,2026-11-23,855.0,855.0,PO-000859,Prévisionnel
PO-000860,P-00197812,S-000378,EUROTRANCIATURA,FORECAST,2026-11-30,855.0,855.0,PO-000860,Prévisionnel
PO-000861,P-00197812,S-000378,EUROTRANCIATURA,FORECAST,2026-12-07,855.0,855.0,PO-000861,Prévisionnel
PO-000862,P-00197812,S-000378,EUROTRANCIATURA,FORECAST,2026-12-14,855.0,855.0,PO-000862,Prévisionnel
PO-000863,P-00197812,S-000378,EUROTRANCIATURA,FORECAST,2026-12-21,855.0,855.0,PO-000863,Prévisionnel
PO-000864,P-00197812,S-000378,EUROTRANCIATURA,FORECAST,2027-01-11,855.0,855.0,PO-000864,Prévisionnel
PO-000865,P-00197812,S-000378,EUROTRANCIATURA,FORECAST,2027-01-18,855.0,855.0,PO-000865,Prévisionnel
PO-000866,P-00197812,S-000378,EUROTRANCIATURA,FORECAST,2027-01-25,855.0,855.0,PO-000866,Prévisionnel
PO-000867,P-00197812,S-000378,EUROTRANCIATURA,FORECAST,2027-02-01,950.0,950.0,PO-000867,Prévisionnel
PO-000868,P-00197812,S-000378,EUROTRANCIATURA,FORECAST,2027-02-08,855.0,855.0,PO-000868,Prévisionnel
PO-000869,P-00197812,S-000378,EUROTRANCIATURA,FORECAST,2027-02-15,855.0,855.0,PO-000869,Prévisionnel
PO-000870,P-00197812,S-000378,EUROTRANCIATURA,FORECAST,2027-02-22,855.0,855.0,PO-000870,Prévisionnel
PO-000871,P-00197812,S-000378,EUROTRANCIATURA,FORECAST,2027-03-01,855.0,855.0,PO-000871,Prévisionnel
PO-000872,P-00197812,S-000378,EUROTRANCIATURA,FORECAST,2027-03-08,950.0,950.0,PO-000872,Prévisionnel
PO-000873,P-00197812,S-000378,EUROTRANCIATURA,FORECAST,2027-03-15,855.0,855.0,PO-000873,Prévisionnel
PO-000874,P-00197812,S-000378,EUROTRANCIATURA,FORECAST,2027-03-22,855.0,855.0,PO-000874,Prévisionnel
PO-000875,P-00197812,S-000378,EUROTRANCIATURA,FORECAST,2027-03-29,855.0,855.0,PO-000875,Prévisionnel
PO-000876,P-00197812,S-001562,EUROMISI,FIRM,2026-05-05,475.0,0.0,PO-000876,Ferme
PO-000877,P-00197812,S-001562,EUROMISI,FIRM,2026-05-12,475.0,0.0,PO-000877,Ferme
PO-000878,P-00197812,S-001562,EUROMISI,FIRM,2026-05-19,570.0,0.0,PO-000878,Ferme
PO-000879,P-00197812,S-001562,EUROMISI,FIRM,2026-05-27,665.0,0.0,PO-000879,Ferme
PO-000880,P-00197812,S-001562,EUROMISI,FIRM,2026-06-02,665.0,0.0,PO-000880,Ferme
PO-000882,P-00197812,S-001562,EUROMISI,FIRM,2026-06-15,665.0,0.0,PO-000882,Ferme
PO-000883,P-00197812,S-001562,EUROMISI,FIRM,2026-06-16,8295.0,0.0,PO-000883,Ferme
PO-000884,P-00197812,S-001562,EUROMISI,FIRM,2026-06-24,760.0,0.0,PO-000884,Ferme
PO-000885,P-00197812,S-001562,EUROMISI,FIRM,2026-07-08,1710.0,0.0,PO-000885,Ferme
PO-000886,P-00197812,S-001562,EUROMISI,FIRM,2026-07-20,2470.0,0.0,PO-000886,Ferme
PO-000887,P-00197812,S-001562,EUROMISI,FIRM,2026-08-06,1235.0,0.0,PO-000887,Ferme
PO-000888,P-00197812,S-001562,EUROMISI,FIRM,2026-08-09,95.0,0.0,PO-000888,Ferme
PO-000889,P-00197812,S-001562,EUROMISI,FIRM,2026-08-27,380.0,0.0,PO-000889,Ferme
PO-000890,P-00197812,S-001562,EUROMISI,FIRM,2026-09-01,1520.0,0.0,PO-000890,Ferme
PO-000891,P-00197812,S-001562,EUROMISI,FIRM,2026-09-04,1805.0,0.0,PO-000891,Ferme
PO-000892,P-00197812,S-001562,EUROMISI,FIRM,2026-09-08,1140.0,0.0,PO-000892,Ferme
PO-000893,P-00197812,S-001562,EUROMISI,FIRM,2026-09-14,2185.0,0.0,PO-000893,Ferme
PO-000894,P-00197812,S-001562,EUROMISI,FIRM,2026-09-17,760.0,0.0,PO-000894,Ferme
PO-000895,P-00197812,S-001562,EUROMISI,FIRM,2026-09-28,1045.0,1045.0,PO-000895,Ferme
PO-000896,P-00197812,S-001562,EUROMISI,FIRM,2026-10-05,3325.0,3325.0,PO-000896,Ferme
PO-000897,P-00197812,S-001562,EUROMISI,FIRM,2026-10-12,3325.0,3325.0,PO-000897,Ferme
PO-000898,P-00197812,S-001562,EUROMISI,FORECAST,2026-10-19,3325.0,3325.0,PO-000898,Prévisionnel
PO-000899,P-00197812,S-001562,EUROMISI,FORECAST,2026-10-26,3230.0,3230.0,PO-000899,Prévisionnel
PO-000900,P-00197812,S-001562,EUROMISI,FORECAST,2026-11-02,3420.0,3420.0,PO-000900,Prévisionnel
PO-000901,P-00197812,S-001562,EUROMISI,FORECAST,2026-11-09,3325.0,3325.0,PO-000901,Prévisionnel
PO-000902,P-00197812,S-001562,EUROMISI,FORECAST,2026-11-16,3325.0,3325.0,PO-000902,Prévisionnel
PO-000903,P-00197812,S-001562,EUROMISI,FORECAST,2026-11-23,3325.0,3325.0,PO-000903,Prévisionnel
PO-000904,P-00197812,S-001562,EUROMISI,FORECAST,2026-11-30,3325.0,3325.0,PO-000904,Prévisionnel
PO-000905,P-00197812,S-001562,EUROMISI,FORECAST,2026-12-07,3325.0,3325.0,PO-000905,Prévisionnel
PO-000906,P-00197812,S-001562,EUROMISI,FORECAST,2026-12-14,3325.0,3325.0,PO-000906,Prévisionnel
PO-000907,P-00197812,S-001562,EUROMISI,FORECAST,2026-12-21,3325.0,3325.0,PO-000907,Prévisionnel
PO-000908,P-00197812,S-001562,EUROMISI,FORECAST,2027-01-11,3325.0,3325.0,PO-000908,Prévisionnel
PO-000909,P-00197812,S-001562,EUROMISI,FORECAST,2027-01-18,3325.0,3325.0,PO-000909,Prévisionnel
PO-000910,P-00197812,S-001562,EUROMISI,FORECAST,2027-01-25,3325.0,3325.0,PO-000910,Prévisionnel
PO-000911,P-00197812,S-001562,EUROMISI,FORECAST,2027-02-01,3420.0,3420.0,PO-000911,Prévisionnel
PO-000912,P-00197812,S-001562,EUROMISI,FORECAST,2027-02-08,3325.0,3325.0,PO-000912,Prévisionnel
PO-000913,P-00197812,S-001562,EUROMISI,FORECAST,2027-02-15,3325.0,3325.0,PO-000913,Prévisionnel
PO-000914,P-00197812,S-001562,EUROMISI,FORECAST,2027-02-22,3325.0,3325.0,PO-000914,Prévisionnel
PO-000915,P-00197812,S-001562,EUROMISI,FORECAST,2027-03-01,3325.0,3325.0,PO-000915,Prévisionnel
PO-000916,P-00197812,S-001562,EUROMISI,FORECAST,2027-03-08,3325.0,3325.0,PO-000916,Prévisionnel
PO-000917,P-00197812,S-001562,EUROMISI,FORECAST,2027-03-15,3325.0,3325.0,PO-000917,Prévisionnel
PO-000918,P-00197812,S-001562,EUROMISI,FORECAST,2027-03-22,3325.0,3325.0,PO-000918,Prévisionnel
PO-000919,P-00197812,S-001562,EUROMISI,FORECAST,2027-03-29,3325.0,3325.0,PO-000919,Prévisionnel
