article_id,date,qty
P-00001046,2026-03-14,52.309999999999995
P-00001046,2026-03-15,7.65
P-00001046,2026-03-16,206.18
P-00001046,2026-03-17,184.56
P-00001046,2026-03-18,175.87
P-00001046,2026-03-19,200.59
P-00001046,2026-03-20,210.425
P-00001046,2026-03-21,60.245
P-00001046,2026-03-23,166.975
P-00001046,2026-03-24,210.29500000000002
P-00001046,2026-03-25,222.37
P-00001046,2026-03-26,198.54000000000002
P-00001046,2026-03-27,197.28
P-00001046,2026-03-29,18.765
P-00001046,2026-03-30,231.425
P-00001046,2026-03-31,252.08999999999997
P-00001046,2026-04-01,220.7
P-00001046,2026-04-02,241.95499999999998
P-00001046,2026-04-03,198.89
P-00001046,2026-04-04,39.6
P-00001046,2026-04-06,197.41
P-00001046,2026-04-07,326.19
P-00001046,2026-04-08,276.08
P-00001046,2026-04-09,262.49
P-00001046,2026-04-10,284.435
P-00001046,2026-04-13,281.04499999999996
P-00001046,2026-04-14,227.475
P-00001046,2026-04-15,281.71500000000003
P-00001046,2026-04-16,253.17000000000002
P-00001046,2026-04-17,304.78
P-00001046,2026-04-20,0.0
P-00001046,2026-04-21,0.0
P-00001046,2026-04-22,0.0
P-00001046,2026-04-23,0.0
P-00001046,2026-04-24,0.0
P-00001046,2026-04-25,1353.62
P-00001046,2026-04-27,191.11
P-00001046,2026-04-28,210.24
P-00001046,2026-04-29,242.64000000000001
P-00001046,2026-04-30,265.38
P-00001046,2026-05-01,0.0
P-00001046,2026-05-03,1.38
P-00001046,2026-05-04,215.98
P-00001046,2026-05-05,194.765
P-00001046,2026-05-06,236.09
P-00001046,2026-05-07,209.795
P-00001046,2026-05-08,0.0
P-00001046,2026-05-11,269.97
P-00001046,2026-05-12,295.41499999999996
P-00001046,2026-05-13,248.66
P-00001046,2026-05-14,0.0
P-00001046,2026-05-15,0.0
P-00001046,2026-05-16,0.0
P-00001046,2026-05-17,1.38
P-00001046,2026-05-18,161.39
P-00001046,2026-05-19,148.31
P-00001046,2026-05-20,234.41500000000002
P-00001046,2026-05-21,242.21500000000003
P-00001046,2026-05-22,244.935
P-00001046,2026-05-23,2.58
P-00001046,2026-05-25,0.0
P-00001046,2026-05-26,109.35000000000001
P-00001046,2026-05-27,96.85999999999999
P-00001046,2026-05-28,125.9
P-00001046,2026-05-29,163.26
P-00001046,2026-05-30,13.86
P-00001046,2026-05-31,10.26
P-00001046,2026-06-01,0.0
P-00001046,2026-06-02,0.0
P-00001046,2026-06-03,0.0
P-00001046,2026-06-04,0.0
P-00001046,2026-06-05,0.0
P-00001046,2026-06-06,1003.5450000000001
P-00001046,2026-06-08,192.285
P-00001046,2026-06-09,544.595
P-00001046,2026-06-10,254.31
P-00001046,2026-06-11,223.155
P-00001046,2026-06-12,239.07999999999998
P-00001046,2026-06-13,0.0
P-00001046,2026-06-14,4.44
P-00001046,2026-06-15,204.75
P-00001046,2026-06-16,214.33
P-00001046,2026-06-17,224.155
P-00001046,2026-06-18,209.20999999999998
P-00001046,2026-06-19,174.17000000000002
P-00001046,2026-06-20,20.79
P-00001046,2026-06-21,0.0
P-00001046,2026-06-29,168.03
P-00001046,2026-06-30,216.05
P-00001046,2026-07-01,226.545
P-00001046,2026-07-02,199.73000000000002
P-00001046,2026-07-03,199.765
P-00001046,2026-07-04,52.92
P-00001046,2026-07-05,1.2
P-00001046,2026-07-06,162.08
P-00001046,2026-07-07,209.08
P-00001046,2026-07-08,225.77499999999998
P-00001046,2026-07-09,225.79500000000002
P-00001046,2026-07-10,207.35
P-00001046,2026-07-11,14.655000000000001
P-00001046,2026-07-13,12.66
P-00001046,2026-07-14,33.54
P-00001046,2026-07-15,174.81
P-00001046,2026-07-16,199.78
P-00001046,2026-07-17,176.01
P-00001046,2026-07-18,20.58
P-00001046,2026-07-20,182.39
P-00001046,2026-07-21,183.16
P-00001046,2026-07-22,161.275
P-00001046,2026-07-23,103.725
P-00001046,2026-07-24,171.68
P-00001046,2026-07-25,0.72
P-00001046,2026-07-26,17.28
P-00001046,2026-07-27,39.15
P-00001046,2026-07-28,35.74
P-00001046,2026-07-29,24.75
P-00001046,2026-08-17,90.21000000000001
P-00001046,2026-08-18,131.92
P-00001046,2026-08-19,119.02
P-00001046,2026-08-20,118.61
P-00001046,2026-08-21,110.945
P-00001046,2026-08-22,17.8
P-00001046,2026-08-23,9.24
P-00001046,2026-08-24,187.185
P-00001046,2026-08-25,153.54
P-00001046,2026-08-26,145.03500000000003
P-00001046,2026-08-27,164.89
P-00001046,2026-08-28,185.75
P-00001046,2026-08-29,74.10499999999999
P-00001046,2026-08-31,141.72
P-00001046,2026-09-01,220.07999999999998
P-00001046,2026-09-02,209.915
P-00001046,2026-09-03,210.485
P-00001046,2026-09-04,174.64
P-00001046,2026-09-05,76.43
P-00001046,2026-09-06,25.939999999999998
P-00001046,2026-09-07,148.56
P-00001046,2026-09-08,213.64499999999998
P-00001046,2026-09-09,234.425
P-00001046,2026-09-10,192.27
P-00001046,2026-09-11,167.935
P-00001046,2026-09-14,197.715
P-00001046,2026-09-15,234.065
P-00001046,2026-09-16,144.94
P-00001046,2026-09-17,194.04
P-00003751,2026-03-14,91.0
P-00003751,2026-03-16,280.0
P-00003751,2026-03-17,780.0
P-00003751,2026-03-18,746.0
P-00003751,2026-03-19,920.0
P-00003751,2026-03-20,920.0
P-00003751,2026-03-21,112.0
P-00003751,2026-03-23,583.0
P-00003751,2026-03-24,847.0
P-00003751,2026-03-25,1207.0
P-00003751,2026-03-26,1089.0
P-00003751,2026-03-27,1008.0
P-00003751,2026-03-29,144.0
P-00003751,2026-03-30,1043.0
P-00003751,2026-03-31,954.0
P-00003751,2026-04-01,980.0
P-00003751,2026-04-02,948.0
P-00003751,2026-04-03,679.0
P-00003751,2026-04-06,731.0
P-00003751,2026-04-07,618.0
P-00003751,2026-04-08,585.0
P-00003751,2026-04-09,655.0
P-00003751,2026-04-10,527.0
P-00003751,2026-04-13,568.0
P-00003751,2026-04-14,552.0
P-00003751,2026-04-15,964.0
P-00003751,2026-04-16,1161.0
P-00003751,2026-04-17,1135.0
P-00003751,2026-04-20,0.0
P-00003751,2026-04-21,0.0
P-00003751,2026-04-22,0.0
P-00003751,2026-04-23,0.0
P-00003751,2026-04-24,0.0
P-00003751,2026-04-25,5273.0
P-00003751,2026-04-27,732.0
P-00003751,2026-04-28,909.0
P-00003751,2026-04-29,722.0
P-00003751,2026-04-30,775.0
P-00003751,2026-05-01,0.0
P-00003751,2026-05-04,683.0
P-00003751,2026-05-05,754.0
P-00003751,2026-05-06,720.0
P-00003751,2026-05-07,583.0
P-00003751,2026-05-08,0.0
P-00003751,2026-05-11,896.0
P-00003751,2026-05-12,804.0
P-00003751,2026-05-13,525.0
P-00003751,2026-05-14,0.0
P-00003751,2026-05-15,0.0
P-00003751,2026-05-18,627.0
P-00003751,2026-05-19,400.0
P-00003751,2026-05-20,743.0
P-00003751,2026-05-21,863.0
P-00003751,2026-05-22,810.0
P-00003751,2026-05-25,0.0
P-00003751,2026-05-26,716.0
P-00003751,2026-05-27,456.0
P-00003751,2026-05-28,645.0
P-00003751,2026-05-29,642.0
P-00003751,2026-06-01,0.0
P-00003751,2026-06-02,0.0
P-00003751,2026-06-03,0.0
P-00003751,2026-06-04,0.0
P-00003751,2026-06-05,0.0
P-00003751,2026-06-06,3589.0
P-00003751,2026-06-08,708.0
P-00003751,2026-06-09,1222.0
P-00003751,2026-06-10,976.0
P-00003751,2026-06-11,833.0
P-00003751,2026-06-12,809.0
P-00003751,2026-06-13,0.0
P-00003751,2026-06-14,0.0
P-00003751,2026-06-15,573.0
P-00003751,2026-06-16,620.0
P-00003751,2026-06-17,710.0
P-00003751,2026-06-18,857.0
P-00003751,2026-06-19,718.0
P-00003751,2026-06-20,75.0
P-00003751,2026-06-21,0.0
P-00003751,2026-06-29,611.0
P-00003751,2026-06-30,994.0
P-00003751,2026-07-01,934.0
P-00003751,2026-07-02,823.0
P-00003751,2026-07-03,658.0
P-00003751,2026-07-06,366.0
P-00003751,2026-07-07,802.0
P-00003751,2026-07-08,827.0
P-00003751,2026-07-09,791.0
P-00003751,2026-07-10,844.0
P-00003751,2026-07-13,0.0
P-00003751,2026-07-14,0.0
P-00003751,2026-07-15,592.0
P-00003751,2026-07-16,538.0
P-00003751,2026-07-17,446.0
P-00003751,2026-07-20,529.0
P-00003751,2026-07-21,755.0
P-00003751,2026-07-22,554.0
P-00003751,2026-07-23,380.0
P-00003751,2026-07-24,590.0
P-00003751,2026-08-17,272.0
P-00003751,2026-08-18,515.0
P-00003751,2026-08-19,552.0
P-00003751,2026-08-20,753.0
P-00003751,2026-08-21,707.0
P-00003751,2026-08-22,158.0
P-00003751,2026-08-23,84.0
P-00003751,2026-08-24,863.0
P-00003751,2026-08-25,630.0
P-00003751,2026-08-26,597.0
P-00003751,2026-08-27,603.0
P-00003751,2026-08-28,687.0
P-00003751,2026-08-29,301.0
P-00003751,2026-08-31,595.0
P-00003751,2026-09-01,840.0
P-00003751,2026-09-02,1036.0
P-00003751,2026-09-03,838.0
P-00003751,2026-09-04,883.0
P-00003751,2026-09-05,364.0
P-00003751,2026-09-06,178.0
P-00003751,2026-09-07,733.0
P-00003751,2026-09-08,853.0
P-00003751,2026-09-09,969.0
P-00003751,2026-09-10,868.0
P-00003751,2026-09-11,828.0
P-00003751,2026-09-14,854.0
P-00003751,2026-09-15,728.0
P-00003751,2026-09-16,519.0
P-00003751,2026-09-17,785.0
P-00003759,2026-03-14,1269.144
P-00003759,2026-03-15,165.342
P-00003759,2026-03-16,4768.428
P-00003759,2026-03-17,4851.036
P-00003759,2026-03-18,4747.614
P-00003759,2026-03-19,5406.762
P-00003759,2026-03-20,5625.597
P-00003759,2026-03-21,1472.619
P-00003759,2026-03-23,4272.393
P-00003759,2026-03-24,5817.471
P-00003759,2026-03-25,6564.966
P-00003759,2026-03-26,5949.150000000001
P-00003759,2026-03-27,5798.592
P-00003759,2026-03-29,624.8190000000001
P-00003759,2026-03-30,6280.365
P-00003759,2026-03-31,6570.317999999999
P-00003759,2026-04-01,5922.816
P-00003759,2026-04-02,6405.891
P-00003759,2026-04-03,5332.476000000001
P-00003759,2026-04-04,855.888
P-00003759,2026-04-06,5379.66
P-00003759,2026-04-07,7477.446
P-00003759,2026-04-08,6317.79
P-00003759,2026-04-09,5919.696
P-00003759,2026-04-10,6281.247
P-00003759,2026-04-13,6013.2029999999995
P-00003759,2026-04-14,5056.011
P-00003759,2026-04-15,6876.782999999999
P-00003759,2026-04-16,6618.99
P-00003759,2026-04-17,7626.353999999999
P-00003759,2026-04-20,0.0
P-00003759,2026-04-21,0.0
P-00003759,2026-04-22,0.0
P-00003759,2026-04-23,0.0
P-00003759,2026-04-24,0.0
P-00003759,2026-04-25,32926.445999999996
P-00003759,2026-04-27,4420.686
P-00003759,2026-04-28,5179.068
P-00003759,2026-04-29,5500.176
P-00003759,2026-04-30,6057.012000000001
P-00003759,2026-05-01,0.0
P-00003759,2026-05-04,4949.3099999999995
P-00003759,2026-05-05,4968.471
P-00003759,2026-05-06,5891.142
P-00003759,2026-05-07,4855.9529999999995
P-00003759,2026-05-08,0.0
P-00003759,2026-05-11,6266.3099999999995
P-00003759,2026-05-12,6388.947
P-00003759,2026-05-13,4809.684
P-00003759,2026-05-14,0.0
P-00003759,2026-05-15,0.0
P-00003759,2026-05-18,3349.818
P-00003759,2026-05-19,2931.366
P-00003759,2026-05-20,4915.844999999999
P-00003759,2026-05-21,5490.831
P-00003759,2026-05-22,5712.075
P-00003759,2026-05-25,0.0
P-00003759,2026-05-26,2792.4
P-00003759,2026-05-27,1778.4
P-00003759,2026-05-28,2515.5
P-00003759,2026-05-29,3729.2760000000003
P-00003759,2026-06-01,0.0
P-00003759,2026-06-02,0.0
P-00003759,2026-06-03,0.0
P-00003759,2026-06-04,0.0
P-00003759,2026-06-05,0.0
P-00003759,2026-06-06,21899.475
P-00003759,2026-06-08,4293.045
P-00003759,2026-06-09,12133.244999999999
P-00003759,2026-06-10,5771.052
P-00003759,2026-06-11,4877.805
P-00003759,2026-06-12,5061.396
P-00003759,2026-06-13,0.0
P-00003759,2026-06-14,0.0
P-00003759,2026-06-15,3917.298
P-00003759,2026-06-16,4421.5560000000005
P-00003759,2026-06-17,4709.3369999999995
P-00003759,2026-06-18,4995.72
P-00003759,2026-06-19,3957.594
P-00003759,2026-06-20,292.5
P-00003759,2026-06-21,0.0
P-00003759,2026-06-29,3900.156
P-00003759,2026-06-30,5432.76
P-00003759,2026-07-01,5378.691
P-00003759,2026-07-02,4532.436
P-00003759,2026-07-03,4253.661
P-00003759,2026-07-04,797.532
P-00003759,2026-07-06,3148.902
P-00003759,2026-07-07,4703.412
P-00003759,2026-07-08,5136.459000000001
P-00003759,2026-07-09,4908.525
P-00003759,2026-07-10,4876.938
P-00003759,2026-07-11,111.849
P-00003759,2026-07-13,0.0
P-00003759,2026-07-14,0.0
P-00003759,2026-07-15,3971.946
P-00003759,2026-07-16,4228.1939999999995
P-00003759,2026-07-17,3363.642
P-00003759,2026-07-20,3677.616
P-00003759,2026-07-21,4636.8240000000005
P-00003759,2026-07-22,3663.267
P-00003759,2026-07-23,2070.423
P-00003759,2026-07-24,3429.216
P-00003759,2026-08-17,1527.648
P-00003759,2026-08-18,2426.718
P-00003759,2026-08-19,2502.936
P-00003759,2026-08-20,2936.7
P-00003759,2026-08-21,2917.779
P-00003759,2026-08-22,616.2
P-00003759,2026-08-23,327.6
P-00003759,2026-08-24,4761.380999999999
P-00003759,2026-08-25,3585.216
P-00003759,2026-08-26,3480.831
P-00003759,2026-08-27,3509.094
P-00003759,2026-08-28,3749.16
P-00003759,2026-08-29,1713.6930000000002
P-00003759,2026-08-31,2865.156
P-00003759,2026-09-01,4151.34
P-00003759,2026-09-02,5319.369000000001
P-00003759,2026-09-03,4819.496999999999
P-00003759,2026-09-04,4046.7119999999995
P-00003759,2026-09-05,1935.078
P-00003759,2026-09-06,694.2
P-00003759,2026-09-07,3977.1899999999996
P-00003759,2026-09-08,5198.955
P-00003759,2026-09-09,5466.561
P-00003759,2026-09-10,4571.772
P-00003759,2026-09-11,4109.403
P-00003759,2026-09-14,4541.487
P-00003759,2026-09-15,5333.919
P-00003759,2026-09-16,3307.932
P-00003759,2026-09-17,4685.742
P-00004583,2026-03-16,0.0
P-00004583,2026-03-17,0.0
P-00004583,2026-03-18,0.0
P-00004583,2026-03-19,246.40200000000002
P-00004583,2026-03-20,290.51099999999997
P-00004583,2026-03-23,202.293
P-00004583,2026-03-24,24.336
P-00004583,2026-03-25,111.033
P-00004583,2026-03-26,0.0
P-00004583,2026-03-27,0.0
P-00004583,2026-03-30,331.578
P-00004583,2026-03-31,465.426
P-00004583,2026-04-01,477.594
P-00004583,2026-04-02,375.687
P-00004583,2026-04-03,0.0
P-00004583,2026-04-06,0.0
P-00004583,2026-04-07,383.292
P-00004583,2026-04-08,334.62
P-00004583,2026-04-09,438.048
P-00004583,2026-04-10,431.964
P-00004583,2026-04-13,593.19
P-00004583,2026-04-14,314.847
P-00004583,2026-04-15,162.747
P-00004583,2026-04-16,223.587
P-00004583,2026-04-17,316.368
P-00004583,2026-04-20,0.0
P-00004583,2026-04-21,0.0
P-00004583,2026-04-22,0.0
P-00004583,2026-04-23,0.0
P-00004583,2026-04-24,0.0
P-00004583,2026-04-25,1034.28
P-00004583,2026-04-27,477.594
P-00004583,2026-04-28,442.611
P-00004583,2026-04-29,261.61199999999997
P-00004583,2026-04-30,372.64500000000004
P-00004583,2026-05-01,0.0
P-00004583,2026-05-04,18.252
P-00004583,2026-05-05,0.0
P-00004583,2026-05-06,6.084
P-00004583,2026-05-07,168.831
P-00004583,2026-05-08,0.0
P-00004583,2026-05-11,398.502
P-00004583,2026-05-12,476.073
P-00004583,2026-05-13,485.199
P-00004583,2026-05-14,0.0
P-00004583,2026-05-15,0.0
P-00004583,2026-05-18,202.293
P-00004583,2026-05-19,255.528
P-00004583,2026-05-20,497.367
P-00004583,2026-05-21,456.3
P-00004583,2026-05-22,552.1229999999999
P-00004583,2026-05-25,0.0
P-00004583,2026-05-26,202.293
P-00004583,2026-05-27,316.368
P-00004583,2026-05-28,403.065
P-00004583,2026-05-29,45.63
P-00004583,2026-05-31,182.52
P-00004583,2026-06-01,0.0
P-00004583,2026-06-02,0.0
P-00004583,2026-06-03,0.0
P-00004583,2026-06-04,0.0
P-00004583,2026-06-05,0.0
P-00004583,2026-06-06,1896.687
P-00004583,2026-06-08,561.249
P-00004583,2026-06-09,593.19
P-00004583,2026-06-10,299.637
P-00004583,2026-06-11,184.041
P-00004583,2026-06-12,305.721
P-00004583,2026-06-13,0.0
P-00004583,2026-06-14,0.0
P-00004583,2026-06-15,369.603
P-00004583,2026-06-16,196.209
P-00004583,2026-06-17,292.032
P-00004583,2026-06-18,477.594
P-00004583,2026-06-19,401.54400000000004
P-00004583,2026-06-20,0.0
P-00004583,2026-06-21,0.0
P-00004583,2026-06-29,371.124
P-00004583,2026-06-30,287.469
P-00004583,2026-07-01,194.688
P-00004583,2026-07-02,447.174
P-00004583,2026-07-03,384.813
P-00004583,2026-07-06,193.167
P-00004583,2026-07-07,234.23399999999998
P-00004583,2026-07-08,292.032
P-00004583,2026-07-09,375.687
P-00004583,2026-07-10,282.906
P-00004583,2026-07-13,0.0
P-00004583,2026-07-14,0.0
P-00004583,2026-07-15,249.444
P-00004583,2026-07-16,202.293
P-00004583,2026-07-17,371.124
P-00004583,2026-07-20,109.512
P-00004583,2026-07-21,287.469
P-00004583,2026-07-22,187.083
P-00004583,2026-07-23,325.49399999999997
P-00004583,2026-07-24,203.814
P-00004583,2026-07-27,86.697
P-00004583,2026-07-28,158.184
P-00004583,2026-07-29,141.45299999999997
P-00004583,2026-08-17,111.033
P-00004583,2026-08-18,191.646
P-00004583,2026-08-19,295.074
P-00004583,2026-08-20,261.612
P-00004583,2026-08-21,144.495
P-00004583,2026-08-24,498.888
P-00004583,2026-08-25,374.166
P-00004583,2026-08-26,18.252
P-00004583,2026-08-27,308.763
P-00004583,2026-08-28,6.084
P-00004583,2026-08-31,436.527
P-00004583,2026-09-01,520.182
P-00004583,2026-09-02,355.914
P-00004583,2026-09-03,314.847
P-00004583,2026-09-04,229.671
P-00004583,2026-09-07,66.924
P-00004583,2026-09-08,25.857
P-00004583,2026-09-09,371.124
P-00004583,2026-09-10,290.511
P-00004583,2026-09-11,162.747
P-00004583,2026-09-14,348.309
P-00004583,2026-09-15,386.334
P-00004583,2026-09-16,290.511
P-00004583,2026-09-17,288.99
P-00005010,2026-03-14,2733.0280000000002
P-00005010,2026-03-15,374.0
P-00005010,2026-03-16,10362.24
P-00005010,2026-03-17,9792.24
P-00005010,2026-03-18,9609.768
P-00005010,2026-03-19,10837.36
P-00005010,2026-03-20,11332.36
P-00005010,2026-03-21,3161.496
P-00005010,2026-03-23,8781.564
P-00005010,2026-03-24,11876.876
P-00005010,2026-03-25,13022.756
P-00005010,2026-03-26,11808.412
P-00005010,2026-03-27,11590.464
P-00005010,2026-03-29,1195.352
P-00005010,2026-03-30,12627.243999999999
P-00005010,2026-03-31,13417.832
P-00005010,2026-04-01,11913.84
P-00005010,2026-04-02,13054.984
P-00005010,2026-04-03,11034.132
P-00005010,2026-04-04,1936.0
P-00005010,2026-04-06,11062.148000000001
P-00005010,2026-04-07,15978.344000000001
P-00005010,2026-04-08,13405.18
P-00005010,2026-04-09,12398.74
P-00005010,2026-04-10,13410.315999999999
P-00005010,2026-04-13,12741.944
P-00005010,2026-04-14,10601.016
P-00005010,2026-04-15,14095.912
P-00005010,2026-04-16,13214.588
P-00005010,2026-04-17,15532.58
P-00005010,2026-04-20,0.0
P-00005010,2026-04-21,0.0
P-00005010,2026-04-22,0.0
P-00005010,2026-04-23,0.0
P-00005010,2026-04-24,0.0
P-00005010,2026-04-25,66497.084
P-00005010,2026-04-27,8891.456
P-00005010,2026-04-28,10338.972
P-00005010,2026-04-29,11348.376
P-00005010,2026-04-30,12527.7
P-00005010,2026-05-01,0.0
P-00005010,2026-05-04,10161.364
P-00005010,2026-05-05,10097.232
P-00005010,2026-05-06,12235.76
P-00005010,2026-05-07,10101.564
P-00005010,2026-05-08,0.0
P-00005010,2026-05-11,12817.968
P-00005010,2026-05-12,13234.632
P-00005010,2026-05-13,10084.7
P-00005010,2026-05-14,0.0
P-00005010,2026-05-15,0.0
P-00005010,2026-05-18,6628.116
P-00005010,2026-05-19,6025.2
P-00005010,2026-05-20,9994.844000000001
P-00005010,2026-05-21,11113.804
P-00005010,2026-05-22,11694.48
P-00005010,2026-05-25,0.0
P-00005010,2026-05-26,5232.528
P-00005010,2026-05-27,3332.448
P-00005010,2026-05-28,4713.66
P-00005010,2026-05-29,7463.736
P-00005010,2026-06-01,0.0
P-00005010,2026-06-02,0.0
P-00005010,2026-06-03,0.0
P-00005010,2026-06-04,0.0
P-00005010,2026-06-05,0.0
P-00005010,2026-06-06,44103.412
P-00005010,2026-06-08,8639.064
P-00005010,2026-06-09,25595.376
P-00005010,2026-06-10,11576.608
P-00005010,2026-06-11,9772.564
P-00005010,2026-06-12,10224.171999999999
P-00005010,2026-06-13,0.0
P-00005010,2026-06-14,0.0
P-00005010,2026-06-15,7993.484
P-00005010,2026-06-16,9062.96
P-00005010,2026-06-17,9577.68
P-00005010,2026-06-18,10002.956
P-00005010,2026-06-19,7865.144
P-00005010,2026-06-20,548.1
P-00005010,2026-06-21,0.0
P-00005010,2026-06-29,7897.188
P-00005010,2026-06-30,10784.152
P-00005010,2026-07-01,10752.671999999999
P-00005010,2026-07-02,9006.484
P-00005010,2026-07-03,8625.664
P-00005010,2026-07-04,1804.0
P-00005010,2026-07-06,6568.728
P-00005010,2026-07-07,9425.016
P-00005010,2026-07-08,10366.716
P-00005010,2026-07-09,9905.628
P-00005010,2026-07-10,9753.952000000001
P-00005010,2026-07-11,253.0
P-00005010,2026-07-13,0.0
P-00005010,2026-07-14,0.0
P-00005010,2026-07-15,8088.336
P-00005010,2026-07-16,8749.704
P-00005010,2026-07-17,6933.368
P-00005010,2026-07-20,7517.932
P-00005010,2026-07-21,9345.54
P-00005010,2026-07-22,7447.632
P-00005010,2026-07-23,4108.04
P-00005010,2026-07-24,6863.72
P-00005010,2026-08-17,3043.776
P-00005010,2026-08-18,4709.62
P-00005010,2026-08-19,4826.016
P-00005010,2026-08-20,5502.924
P-00005010,2026-08-21,5529.756
P-00005010,2026-08-22,1154.664
P-00005010,2026-08-23,613.872
P-00005010,2026-08-24,9463.804
P-00005010,2026-08-25,7156.04
P-00005010,2026-08-26,6969.876
P-00005010,2026-08-27,7024.724
P-00005010,2026-08-28,7440.596
P-00005010,2026-08-29,3420.708
P-00005010,2026-08-31,5580.26
P-00005010,2026-09-01,8118.72
P-00005010,2026-09-02,10464.088
P-00005010,2026-09-03,9633.104
P-00005010,2026-09-04,7816.964
P-00005010,2026-09-05,3826.112
P-00005010,2026-09-06,1300.824
P-00005010,2026-09-07,7886.764
P-00005010,2026-09-08,10468.724
P-00005010,2026-09-09,10898.452000000001
P-00005010,2026-09-10,9027.344000000001
P-00005010,2026-09-11,8042.024
P-00005010,2026-09-14,8980.032
P-00005010,2026-09-15,10963.224
P-00005010,2026-09-16,6696.852
P-00005010,2026-09-17,9410.779999999999
P-00005129,2026-03-16,528.0
P-00005129,2026-03-17,1506.0
P-00005129,2026-03-18,876.0
P-00005129,2026-03-19,1491.6
P-00005129,2026-03-20,1456.8
P-00005129,2026-03-23,1010.4
P-00005129,2026-03-24,76.8
P-00005129,2026-03-25,350.4
P-00005129,2026-03-26,0.0
P-00005129,2026-03-27,0.0
P-00005129,2026-03-30,1388.4
P-00005129,2026-03-31,1468.8
P-00005129,2026-04-01,1507.2
P-00005129,2026-04-02,1185.6
P-00005129,2026-04-03,0.0
P-00005129,2026-04-06,0.0
P-00005129,2026-04-07,2325.6
P-00005129,2026-04-08,2454.0
P-00005129,2026-04-09,3416.4
P-00005129,2026-04-10,3037.2
P-00005129,2026-04-13,4206.0
P-00005129,2026-04-14,3201.6
P-00005129,2026-04-15,3123.6
P-00005129,2026-04-16,2841.6
P-00005129,2026-04-17,3146.4
P-00005129,2026-04-20,0.0
P-00005129,2026-04-21,0.0
P-00005129,2026-04-22,0.0
P-00005129,2026-04-23,0.0
P-00005129,2026-04-24,0.0
P-00005129,2026-04-25,20028.0
P-00005129,2026-04-27,3751.2
P-00005129,2026-04-28,3406.8
P-00005129,2026-04-29,3867.6
P-00005129,2026-04-30,3924.0
P-00005129,2026-05-01,0.0
P-00005129,2026-05-03,138.0
P-00005129,2026-05-04,3507.6
P-00005129,2026-05-05,1800.0
P-00005129,2026-05-06,1423.2
P-00005129,2026-05-07,2596.8
P-00005129,2026-05-08,0.0
P-00005129,2026-05-11,4263.6
P-00005129,2026-05-12,5582.4
P-00005129,2026-05-13,6247.2
P-00005129,2026-05-14,0.0
P-00005129,2026-05-15,0.0
P-00005129,2026-05-16,0.0
P-00005129,2026-05-17,138.0
P-00005129,2026-05-18,5030.4
P-00005129,2026-05-19,4052.4
P-00005129,2026-05-20,5865.6
P-00005129,2026-05-21,4836.0
P-00005129,2026-05-22,3698.4
P-00005129,2026-05-23,258.0
P-00005129,2026-05-25,0.0
P-00005129,2026-05-26,3032.4
P-00005129,2026-05-27,4628.4
P-00005129,2026-05-28,5442.0
P-00005129,2026-05-29,3588.0
P-00005129,2026-05-30,1386.0
P-00005129,2026-05-31,1002.0
P-00005129,2026-06-01,0.0
P-00005129,2026-06-02,0.0
P-00005129,2026-06-03,0.0
P-00005129,2026-06-04,0.0
P-00005129,2026-06-05,0.0
P-00005129,2026-06-06,24063.6
P-00005129,2026-06-08,4279.2
P-00005129,2026-06-09,6852.0
P-00005129,2026-06-10,5565.6
P-00005129,2026-06-11,5590.8
P-00005129,2026-06-12,6148.8
P-00005129,2026-06-13,0.0
P-00005129,2026-06-14,444.0
P-00005129,2026-06-15,6338.4
P-00005129,2026-06-16,5317.2
P-00005129,2026-06-17,5589.6
P-00005129,2026-06-18,3781.2
P-00005129,2026-06-19,4111.2
P-00005129,2026-06-20,1254.0
P-00005129,2026-06-21,0.0
P-00005129,2026-06-29,3013.2
P-00005129,2026-06-30,3433.2
P-00005129,2026-07-01,4322.4
P-00005129,2026-07-02,4741.2
P-00005129,2026-07-03,4880.4
P-00005129,2026-07-04,1602.0
P-00005129,2026-07-05,120.0
P-00005129,2026-07-06,4191.6
P-00005129,2026-07-07,4765.2
P-00005129,2026-07-08,4599.6
P-00005129,2026-07-09,5391.6
P-00005129,2026-07-10,4078.8
P-00005129,2026-07-11,948.0
P-00005129,2026-07-13,1266.0
P-00005129,2026-07-14,3354.0
P-00005129,2026-07-15,3241.2
P-00005129,2026-07-16,4178.4
P-00005129,2026-07-17,5131.2
P-00005129,2026-07-18,2058.0
P-00005129,2026-07-20,4935.6
P-00005129,2026-07-21,2143.2
P-00005129,2026-07-22,3056.4
P-00005129,2026-07-23,3427.2
P-00005129,2026-07-24,5431.2
P-00005129,2026-07-25,72.0
P-00005129,2026-07-26,1728.0
P-00005129,2026-07-27,3903.6
P-00005129,2026-07-28,3553.2
P-00005129,2026-07-29,2456.4
P-00005129,2026-08-17,3854.4
P-00005129,2026-08-18,5566.8
P-00005129,2026-08-19,4171.2
P-00005129,2026-08-20,3543.6
P-00005129,2026-08-21,2556.0
P-00005129,2026-08-22,42.0
P-00005129,2026-08-24,2702.4
P-00005129,2026-08-25,3154.8
P-00005129,2026-08-26,2601.6
P-00005129,2026-08-27,4460.4
P-00005129,2026-08-28,6067.2
P-00005129,2026-08-29,1602.0
P-00005129,2026-08-31,5049.6
P-00005129,2026-09-01,8649.6
P-00005129,2026-09-02,3631.2
P-00005129,2026-09-03,4611.6
P-00005129,2026-09-04,4930.8
P-00005129,2026-09-05,1254.0
P-00005129,2026-09-06,636.0
P-00005129,2026-09-07,1609.2
P-00005129,2026-09-08,3315.6
P-00005129,2026-09-09,4927.2
P-00005129,2026-09-10,4150.8
P-00005129,2026-09-11,3591.6
P-00005129,2026-09-14,4729.2
P-00005129,2026-09-15,3805.2
P-00005129,2026-09-16,2806.8
P-00005129,2026-09-17,3216.0
P-00005775,2026-03-16,12871.0
P-00005775,2026-03-17,12295.0
P-00005775,2026-03-18,12111.0
P-00005775,2026-03-19,13034.0
P-00005775,2026-03-20,14685.0
P-00005775,2026-03-23,11889.0
P-00005775,2026-03-24,13597.0
P-00005775,2026-03-25,11838.0
P-00005775,2026-03-26,11316.0
P-00005775,2026-03-27,8131.0
P-00005775,2026-03-30,10726.0
P-00005775,2026-03-31,15215.0
P-00005775,2026-04-01,13646.0
P-00005775,2026-04-02,11861.0
P-00005775,2026-04-03,0.0
P-00005775,2026-04-06,0.0
P-00005775,2026-04-07,11650.0
P-00005775,2026-04-08,16768.0
P-00005775,2026-04-09,16749.0
P-00005775,2026-04-10,11588.0
P-00005775,2026-04-13,9294.0
P-00005775,2026-04-14,13745.0
P-00005775,2026-04-15,15051.0
P-00005775,2026-04-16,14081.0
P-00005775,2026-04-17,8910.0
P-00005775,2026-04-20,0.0
P-00005775,2026-04-21,0.0
P-00005775,2026-04-22,0.0
P-00005775,2026-04-23,0.0
P-00005775,2026-04-24,0.0
P-00005775,2026-04-25,55602.0
P-00005775,2026-04-27,15972.0
P-00005775,2026-04-28,13291.0
P-00005775,2026-04-29,11903.0
P-00005775,2026-04-30,8793.0
P-00005775,2026-05-01,0.0
P-00005775,2026-05-04,14622.0
P-00005775,2026-05-05,11982.0
P-00005775,2026-05-06,8276.0
P-00005775,2026-05-07,4602.0
P-00005775,2026-05-08,0.0
P-00005775,2026-05-11,16679.0
P-00005775,2026-05-12,9717.0
P-00005775,2026-05-13,12566.0
P-00005775,2026-05-14,0.0
P-00005775,2026-05-15,0.0
P-00005775,2026-05-18,9766.0
P-00005775,2026-05-19,12018.0
P-00005775,2026-05-20,14900.0
P-00005775,2026-05-21,9354.0
P-00005775,2026-05-22,9054.0
P-00005775,2026-05-25,0.0
P-00005775,2026-05-26,1745.0
P-00005775,2026-05-27,1652.0
P-00005775,2026-05-28,3773.0
P-00005775,2026-05-29,9202.0
P-00005775,2026-06-01,0.0
P-00005775,2026-06-02,0.0
P-00005775,2026-06-03,0.0
P-00005775,2026-06-04,0.0
P-00005775,2026-06-05,0.0
P-00005775,2026-06-06,46153.0
P-00005775,2026-06-08,10791.0
P-00005775,2026-06-09,13091.0
P-00005775,2026-06-10,4367.0
P-00005775,2026-06-11,7214.0
P-00005775,2026-06-12,8023.0
P-00005775,2026-06-13,0.0
P-00005775,2026-06-14,0.0
P-00005775,2026-06-15,12962.0
P-00005775,2026-06-16,14290.0
P-00005775,2026-06-17,8495.0
P-00005775,2026-06-18,7057.0
P-00005775,2026-06-19,8788.0
P-00005775,2026-06-20,0.0
P-00005775,2026-06-21,0.0
P-00005775,2026-06-29,8969.0
P-00005775,2026-06-30,8854.0
P-00005775,2026-07-01,14985.0
P-00005775,2026-07-02,7438.0
P-00005775,2026-07-03,7809.0
P-00005775,2026-07-06,12250.0
P-00005775,2026-07-07,12701.0
P-00005775,2026-07-08,7444.0
P-00005775,2026-07-09,8045.0
P-00005775,2026-07-10,6165.0
P-00005775,2026-07-13,0.0
P-00005775,2026-07-14,0.0
P-00005775,2026-07-15,8596.0
P-00005775,2026-07-16,9951.0
P-00005775,2026-07-17,4659.0
P-00005775,2026-07-20,12824.0
P-00005775,2026-07-21,14172.0
P-00005775,2026-07-22,10682.0
P-00005775,2026-07-23,7080.0
P-00005775,2026-07-24,8489.0
P-00005775,2026-07-28,2667.0
P-00005775,2026-08-17,10534.0
P-00005775,2026-08-18,9305.0
P-00005775,2026-08-19,7627.0
P-00005775,2026-08-20,9011.0
P-00005775,2026-08-21,9265.0
P-00005775,2026-08-24,7090.0
P-00005775,2026-08-25,9070.0
P-00005775,2026-08-26,9651.0
P-00005775,2026-08-27,2586.0
P-00005775,2026-08-28,4765.0
P-00005775,2026-08-31,9537.0
P-00005775,2026-09-01,5511.0
P-00005775,2026-09-02,5908.0
P-00005775,2026-09-03,10124.0
P-00005775,2026-09-04,7088.0
P-00005775,2026-09-07,12053.0
P-00005775,2026-09-08,8047.0
P-00005775,2026-09-09,10894.0
P-00005775,2026-09-10,10766.0
P-00005775,2026-09-11,2953.0
P-00005775,2026-09-14,16988.0
P-00005775,2026-09-15,13646.0
P-00005775,2026-09-16,9311.0
P-00005775,2026-09-17,8322.0
P-00040241,2026-03-14,188.0
P-00040241,2026-03-15,34.0
P-00040241,2026-03-16,756.0
P-00040241,2026-03-17,372.0
P-00040241,2026-03-18,378.0
P-00040241,2026-03-19,374.0
P-00040241,2026-03-20,419.0
P-00040241,2026-03-21,213.0
P-00040241,2026-03-23,411.0
P-00040241,2026-03-24,517.0
P-00040241,2026-03-25,382.0
P-00040241,2026-03-26,350.0
P-00040241,2026-03-27,384.0
P-00040241,2026-03-29,13.0
P-00040241,2026-03-30,455.0
P-00040241,2026-03-31,586.0
P-00040241,2026-04-01,432.0
P-00040241,2026-04-02,557.0
P-00040241,2026-04-03,552.0
P-00040241,2026-04-04,176.0
P-00040241,2026-04-06,520.0
P-00040241,2026-04-07,1042.0
P-00040241,2026-04-08,830.0
P-00040241,2026-04-09,692.0
P-00040241,2026-04-10,869.0
P-00040241,2026-04-13,781.0
P-00040241,2026-04-14,597.0
P-00040241,2026-04-15,641.0
P-00040241,2026-04-16,430.0
P-00040241,2026-04-17,658.0
P-00040241,2026-04-20,0.0
P-00040241,2026-04-21,0.0
P-00040241,2026-04-22,0.0
P-00040241,2026-04-23,0.0
P-00040241,2026-04-24,0.0
P-00040241,2026-04-25,2542.0
P-00040241,2026-04-27,322.0
P-00040241,2026-04-28,336.0
P-00040241,2026-04-29,552.0
P-00040241,2026-04-30,624.0
P-00040241,2026-05-01,0.0
P-00040241,2026-05-04,470.0
P-00040241,2026-05-05,417.0
P-00040241,2026-05-06,634.0
P-00040241,2026-05-07,531.0
P-00040241,2026-05-08,0.0
P-00040241,2026-05-11,570.0
P-00040241,2026-05-12,669.0
P-00040241,2026-05-13,568.0
P-00040241,2026-05-14,0.0
P-00040241,2026-05-15,0.0
P-00040241,2026-05-18,186.0
P-00040241,2026-05-19,282.0
P-00040241,2026-05-20,415.0
P-00040241,2026-05-21,437.0
P-00040241,2026-05-22,525.0
P-00040241,2026-05-25,0.0
P-00040241,2026-05-29,252.0
P-00040241,2026-06-01,0.0
P-00040241,2026-06-02,0.0
P-00040241,2026-06-03,0.0
P-00040241,2026-06-04,0.0
P-00040241,2026-06-05,0.0
P-00040241,2026-06-06,1625.0
P-00040241,2026-06-08,315.0
P-00040241,2026-06-09,1515.0
P-00040241,2026-06-10,404.0
P-00040241,2026-06-11,335.0
P-00040241,2026-06-12,392.0
P-00040241,2026-06-13,0.0
P-00040241,2026-06-14,0.0
P-00040241,2026-06-15,346.0
P-00040241,2026-06-16,412.0
P-00040241,2026-06-17,399.0
P-00040241,2026-06-18,340.0
P-00040241,2026-06-19,238.0
P-00040241,2026-06-20,0.0
P-00040241,2026-06-21,0.0
P-00040241,2026-06-29,312.0
P-00040241,2026-06-30,320.0
P-00040241,2026-07-01,357.0
P-00040241,2026-07-02,272.0
P-00040241,2026-07-03,347.0
P-00040241,2026-07-04,164.0
P-00040241,2026-07-06,354.0
P-00040241,2026-07-07,324.0
P-00040241,2026-07-08,393.0
P-00040241,2026-07-09,375.0
P-00040241,2026-07-10,326.0
P-00040241,2026-07-11,23.0
P-00040241,2026-07-13,0.0
P-00040241,2026-07-14,0.0
P-00040241,2026-07-15,342.0
P-00040241,2026-07-16,438.0
P-00040241,2026-07-17,334.0
P-00040241,2026-07-20,332.0
P-00040241,2026-07-21,348.0
P-00040241,2026-07-22,309.0
P-00040241,2026-07-23,121.0
P-00040241,2026-07-24,232.0
P-00040241,2026-08-17,96.0
P-00040241,2026-08-18,86.0
P-00040241,2026-08-19,72.0
P-00040241,2026-08-20,0.0
P-00040241,2026-08-21,33.0
P-00040241,2026-08-24,287.0
P-00040241,2026-08-25,232.0
P-00040241,2026-08-26,237.0
P-00040241,2026-08-27,238.0
P-00040241,2026-08-28,220.0
P-00040241,2026-08-29,111.0
P-00040241,2026-08-31,112.0
P-00040241,2026-09-01,180.0
P-00040241,2026-09-02,263.0
P-00040241,2026-09-03,319.0
P-00040241,2026-09-04,124.0
P-00040241,2026-09-05,106.0
P-00040241,2026-09-07,230.0
P-00040241,2026-09-08,385.0
P-00040241,2026-09-09,347.0
P-00040241,2026-09-10,244.0
P-00040241,2026-09-11,181.0
P-00040241,2026-09-14,249.0
P-00040241,2026-09-15,513.0
P-00040241,2026-09-16,264.0
P-00040241,2026-09-17,334.0
P-00043859,2026-03-14,91.0
P-00043859,2026-03-16,280.0
P-00043859,2026-03-17,780.0
P-00043859,2026-03-18,746.0
P-00043859,2026-03-19,920.0
P-00043859,2026-03-20,920.0
P-00043859,2026-03-21,112.0
P-00043859,2026-03-23,583.0
P-00043859,2026-03-24,847.0
P-00043859,2026-03-25,1207.0
P-00043859,2026-03-26,1089.0
P-00043859,2026-03-27,1008.0
P-00043859,2026-03-29,144.0
P-00043859,2026-03-30,1043.0
P-00043859,2026-03-31,954.0
P-00043859,2026-04-01,980.0
P-00043859,2026-04-02,948.0
P-00043859,2026-04-03,679.0
P-00043859,2026-04-06,731.0
P-00043859,2026-04-07,618.0
P-00043859,2026-04-08,585.0
P-00043859,2026-04-09,655.0
P-00043859,2026-04-10,527.0
P-00043859,2026-04-13,568.0
P-00043859,2026-04-14,552.0
P-00043859,2026-04-15,964.0
P-00043859,2026-04-16,1161.0
P-00043859,2026-04-17,1135.0
P-00043859,2026-04-20,0.0
P-00043859,2026-04-21,0.0
P-00043859,2026-04-22,0.0
P-00043859,2026-04-23,0.0
P-00043859,2026-04-24,0.0
P-00043859,2026-04-25,5273.0
P-00043859,2026-04-27,732.0
P-00043859,2026-04-28,909.0
P-00043859,2026-04-29,722.0
P-00043859,2026-04-30,775.0
P-00043859,2026-05-01,0.0
P-00043859,2026-05-04,683.0
P-00043859,2026-05-05,754.0
P-00043859,2026-05-06,720.0
P-00043859,2026-05-07,583.0
P-00043859,2026-05-08,0.0
P-00043859,2026-05-11,896.0
P-00043859,2026-05-12,804.0
P-00043859,2026-05-13,525.0
P-00043859,2026-05-14,0.0
P-00043859,2026-05-15,0.0
P-00043859,2026-05-18,627.0
P-00043859,2026-05-19,400.0
P-00043859,2026-05-20,743.0
P-00043859,2026-05-21,863.0
P-00043859,2026-05-22,810.0
P-00043859,2026-05-25,0.0
P-00043859,2026-05-26,716.0
P-00043859,2026-05-27,456.0
P-00043859,2026-05-28,645.0
P-00043859,2026-05-29,642.0
P-00043859,2026-06-01,0.0
P-00043859,2026-06-02,0.0
P-00043859,2026-06-03,0.0
P-00043859,2026-06-04,0.0
P-00043859,2026-06-05,0.0
P-00043859,2026-06-06,3589.0
P-00043859,2026-06-08,708.0
P-00043859,2026-06-09,1222.0
P-00043859,2026-06-10,976.0
P-00043859,2026-06-11,833.0
P-00043859,2026-06-12,809.0
P-00043859,2026-06-13,0.0
P-00043859,2026-06-14,0.0
P-00043859,2026-06-15,573.0
P-00043859,2026-06-16,620.0
P-00043859,2026-06-17,710.0
P-00043859,2026-06-18,857.0
P-00043859,2026-06-19,718.0
P-00043859,2026-06-20,75.0
P-00043859,2026-06-21,0.0
P-00043859,2026-06-29,611.0
P-00043859,2026-06-30,994.0
P-00043859,2026-07-01,934.0
P-00043859,2026-07-02,823.0
P-00043859,2026-07-03,658.0
P-00043859,2026-07-06,366.0
P-00043859,2026-07-07,802.0
P-00043859,2026-07-08,827.0
P-00043859,2026-07-09,791.0
P-00043859,2026-07-10,844.0
P-00043859,2026-07-13,0.0
P-00043859,2026-07-14,0.0
P-00043859,2026-07-15,592.0
P-00043859,2026-07-16,538.0
P-00043859,2026-07-17,446.0
P-00043859,2026-07-20,529.0
P-00043859,2026-07-21,755.0
P-00043859,2026-07-22,554.0
P-00043859,2026-07-23,380.0
P-00043859,2026-07-24,590.0
P-00043859,2026-08-17,272.0
P-00043859,2026-08-18,515.0
P-00043859,2026-08-19,552.0
P-00043859,2026-08-20,753.0
P-00043859,2026-08-21,707.0
P-00043859,2026-08-22,158.0
P-00043859,2026-08-23,84.0
P-00043859,2026-08-24,863.0
P-00043859,2026-08-25,630.0
P-00043859,2026-08-26,597.0
P-00043859,2026-08-27,603.0
P-00043859,2026-08-28,687.0
P-00043859,2026-08-29,301.0
P-00043859,2026-08-31,595.0
P-00043859,2026-09-01,840.0
P-00043859,2026-09-02,1036.0
P-00043859,2026-09-03,838.0
P-00043859,2026-09-04,883.0
P-00043859,2026-09-05,364.0
P-00043859,2026-09-06,178.0
P-00043859,2026-09-07,733.0
P-00043859,2026-09-08,853.0
P-00043859,2026-09-09,969.0
P-00043859,2026-09-10,868.0
P-00043859,2026-09-11,828.0
P-00043859,2026-09-14,854.0
P-00043859,2026-09-15,728.0
P-00043859,2026-09-16,519.0
P-00043859,2026-09-17,785.0
P-00061611,2026-03-16,0.0
P-00061611,2026-03-17,0.0
P-00061611,2026-03-18,0.0
P-00061611,2026-03-19,0.0
P-00061611,2026-03-20,0.0
P-00061611,2026-03-23,0.0
P-00061611,2026-03-24,0.0
P-00061611,2026-03-25,0.0
P-00061611,2026-03-26,2111.0
P-00061611,2026-03-27,0.0
P-00061611,2026-03-30,1355.0
P-00061611,2026-03-31,2571.0
P-00061611,2026-04-01,1392.0
P-00061611,2026-04-02,0.0
P-00061611,2026-04-03,0.0
P-00061611,2026-04-06,0.0
P-00061611,2026-04-07,0.0
P-00061611,2026-04-08,0.0
P-00061611,2026-04-09,946.0
P-00061611,2026-04-10,1022.0
P-00061611,2026-04-13,0.0
P-00061611,2026-04-14,0.0
P-00061611,2026-04-15,3147.0
P-00061611,2026-04-16,1531.0
P-00061611,2026-04-17,2075.0
P-00061611,2026-04-20,0.0
P-00061611,2026-04-21,0.0
P-00061611,2026-04-22,0.0
P-00061611,2026-04-23,0.0
P-00061611,2026-04-24,0.0
P-00061611,2026-04-25,3421.0
P-00061611,2026-04-27,26.0
P-00061611,2026-04-28,42.0
P-00061611,2026-04-29,3432.0
P-00061611,2026-04-30,850.0
P-00061611,2026-05-01,0.0
P-00061611,2026-05-04,0.0
P-00061611,2026-05-05,1996.0
P-00061611,2026-05-06,1743.0
P-00061611,2026-05-07,160.0
P-00061611,2026-05-08,0.0
P-00061611,2026-05-11,0.0
P-00061611,2026-05-12,0.0
P-00061611,2026-05-13,2.0
P-00061611,2026-05-14,0.0
P-00061611,2026-05-15,0.0
P-00061611,2026-05-18,1491.0
P-00061611,2026-05-19,1706.0
P-00061611,2026-05-20,2526.0
P-00061611,2026-05-21,1052.0
P-00061611,2026-05-22,0.0
P-00061611,2026-05-25,0.0
P-00061611,2026-05-26,0.0
P-00061611,2026-05-27,1743.0
P-00061611,2026-05-28,1738.0
P-00061611,2026-05-29,0.0
P-00061611,2026-06-01,0.0
P-00061611,2026-06-02,0.0
P-00061611,2026-06-03,0.0
P-00061611,2026-06-04,0.0
P-00061611,2026-06-05,0.0
P-00061611,2026-06-06,5504.0
P-00061611,2026-06-08,0.0
P-00061611,2026-06-09,0.0
P-00061611,2026-06-10,0.0
P-00061611,2026-06-11,0.0
P-00061611,2026-06-12,3.0
P-00061611,2026-06-13,0.0
P-00061611,2026-06-14,0.0
P-00061611,2026-06-15,1586.0
P-00061611,2026-06-16,454.0
P-00061611,2026-06-17,671.0
P-00061611,2026-06-18,0.0
P-00061611,2026-06-19,260.0
P-00061611,2026-06-20,0.0
P-00061611,2026-06-21,0.0
P-00061611,2026-06-29,1.0
P-00061611,2026-06-30,0.0
P-00061611,2026-07-01,0.0
P-00061611,2026-07-02,3257.0
P-00061611,2026-07-03,3029.0
P-00061611,2026-07-06,1657.0
P-00061611,2026-07-07,2425.0
P-00061611,2026-07-08,480.0
P-00061611,2026-07-09,2420.0
P-00061611,2026-07-10,18.0
P-00061611,2026-07-13,0.0
P-00061611,2026-07-14,0.0
P-00061611,2026-07-15,2654.0
P-00061611,2026-07-16,1991.0
P-00061611,2026-07-17,1833.0
P-00061611,2026-07-20,0.0
P-00061611,2026-07-21,0.0
P-00061611,2026-07-22,0.0
P-00061611,2026-07-23,0.0
P-00061611,2026-07-24,0.0
P-00061611,2026-08-17,0.0
P-00061611,2026-08-18,0.0
P-00061611,2026-08-19,7.0
P-00061611,2026-08-20,131.0
P-00061611,2026-08-21,563.0
P-00061611,2026-08-24,1036.0
P-00061611,2026-08-25,621.0
P-00061611,2026-08-26,32.0
P-00061611,2026-08-27,2514.0
P-00061611,2026-08-28,11.0
P-00061611,2026-08-31,992.0
P-00061611,2026-09-01,1232.0
P-00061611,2026-09-02,0.0
P-00061611,2026-09-03,0.0
P-00061611,2026-09-04,16.0
P-00061611,2026-09-07,1397.0
P-00061611,2026-09-08,2037.0
P-00061611,2026-09-09,23.0
P-00061611,2026-09-10,511.0
P-00061611,2026-09-11,7.0
P-00061611,2026-09-14,0.0
P-00061611,2026-09-15,0.0
P-00061611,2026-09-16,2421.0
P-00061611,2026-09-17,2404.0
P-00068225,2026-03-16,0.0
P-00068225,2026-03-17,0.0
P-00068225,2026-03-18,0.0
P-00068225,2026-03-19,162.0
P-00068225,2026-03-20,191.0
P-00068225,2026-03-23,133.0
P-00068225,2026-03-24,16.0
P-00068225,2026-03-25,73.0
P-00068225,2026-03-26,0.0
P-00068225,2026-03-27,0.0
P-00068225,2026-03-30,218.0
P-00068225,2026-03-31,306.0
P-00068225,2026-04-01,314.0
P-00068225,2026-04-02,247.0
P-00068225,2026-04-03,0.0
P-00068225,2026-04-06,0.0
P-00068225,2026-04-07,252.0
P-00068225,2026-04-08,220.0
P-00068225,2026-04-09,288.0
P-00068225,2026-04-10,284.0
P-00068225,2026-04-13,390.0
P-00068225,2026-04-14,207.0
P-00068225,2026-04-15,107.0
P-00068225,2026-04-16,147.0
P-00068225,2026-04-17,208.0
P-00068225,2026-04-20,0.0
P-00068225,2026-04-21,0.0
P-00068225,2026-04-22,0.0
P-00068225,2026-04-23,0.0
P-00068225,2026-04-24,0.0
P-00068225,2026-04-25,680.0
P-00068225,2026-04-27,314.0
P-00068225,2026-04-28,291.0
P-00068225,2026-04-29,172.0
P-00068225,2026-04-30,245.0
P-00068225,2026-05-01,0.0
P-00068225,2026-05-04,12.0
P-00068225,2026-05-05,0.0
P-00068225,2026-05-06,4.0
P-00068225,2026-05-07,111.0
P-00068225,2026-05-08,0.0
P-00068225,2026-05-11,262.0
P-00068225,2026-05-12,313.0
P-00068225,2026-05-13,319.0
P-00068225,2026-05-14,0.0
P-00068225,2026-05-15,0.0
P-00068225,2026-05-18,133.0
P-00068225,2026-05-19,168.0
P-00068225,2026-05-20,327.0
P-00068225,2026-05-21,300.0
P-00068225,2026-05-22,363.0
P-00068225,2026-05-25,0.0
P-00068225,2026-05-26,133.0
P-00068225,2026-05-27,208.0
P-00068225,2026-05-28,265.0
P-00068225,2026-05-29,30.0
P-00068225,2026-05-31,120.0
P-00068225,2026-06-01,0.0
P-00068225,2026-06-02,0.0
P-00068225,2026-06-03,0.0
P-00068225,2026-06-04,0.0
P-00068225,2026-06-05,0.0
P-00068225,2026-06-06,1247.0
P-00068225,2026-06-08,369.0
P-00068225,2026-06-09,390.0
P-00068225,2026-06-10,197.0
P-00068225,2026-06-11,121.0
P-00068225,2026-06-12,201.0
P-00068225,2026-06-13,0.0
P-00068225,2026-06-14,0.0
P-00068225,2026-06-15,243.0
P-00068225,2026-06-16,129.0
P-00068225,2026-06-17,192.0
P-00068225,2026-06-18,314.0
P-00068225,2026-06-19,264.0
P-00068225,2026-06-20,0.0
P-00068225,2026-06-21,0.0
P-00068225,2026-06-29,244.0
P-00068225,2026-06-30,189.0
P-00068225,2026-07-01,128.0
P-00068225,2026-07-02,294.0
P-00068225,2026-07-03,253.0
P-00068225,2026-07-06,127.0
P-00068225,2026-07-07,154.0
P-00068225,2026-07-08,192.0
P-00068225,2026-07-09,247.0
P-00068225,2026-07-10,186.0
P-00068225,2026-07-13,0.0
P-00068225,2026-07-14,0.0
P-00068225,2026-07-15,164.0
P-00068225,2026-07-16,133.0
P-00068225,2026-07-17,244.0
P-00068225,2026-07-20,72.0
P-00068225,2026-07-21,189.0
P-00068225,2026-07-22,123.0
P-00068225,2026-07-23,214.0
P-00068225,2026-07-24,134.0
P-00068225,2026-07-27,57.0
P-00068225,2026-07-28,104.0
P-00068225,2026-07-29,93.0
P-00068225,2026-08-17,73.0
P-00068225,2026-08-18,126.0
P-00068225,2026-08-19,194.0
P-00068225,2026-08-20,172.0
P-00068225,2026-08-21,95.0
P-00068225,2026-08-24,328.0
P-00068225,2026-08-25,246.0
P-00068225,2026-08-26,12.0
P-00068225,2026-08-27,203.0
P-00068225,2026-08-28,4.0
P-00068225,2026-08-31,287.0
P-00068225,2026-09-01,342.0
P-00068225,2026-09-02,234.0
P-00068225,2026-09-03,207.0
P-00068225,2026-09-04,151.0
P-00068225,2026-09-07,44.0
P-00068225,2026-09-08,17.0
P-00068225,2026-09-09,244.0
P-00068225,2026-09-10,191.0
P-00068225,2026-09-11,107.0
P-00068225,2026-09-14,229.0
P-00068225,2026-09-15,254.0
P-00068225,2026-09-16,191.0
P-00068225,2026-09-17,190.0
P-00072208,2026-03-16,88.0
P-00072208,2026-03-17,251.0
P-00072208,2026-03-18,146.0
P-00072208,2026-03-19,254.0
P-00072208,2026-03-20,117.0
P-00072208,2026-03-23,62.0
P-00072208,2026-03-24,16.0
P-00072208,2026-03-25,73.0
P-00072208,2026-03-26,0.0
P-00072208,2026-03-27,0.0
P-00072208,2026-03-30,275.0
P-00072208,2026-03-31,306.0
P-00072208,2026-04-01,314.0
P-00072208,2026-04-02,247.0
P-00072208,2026-04-03,0.0
P-00072208,2026-04-06,0.0
P-00072208,2026-04-07,438.0
P-00072208,2026-04-08,453.0
P-00072208,2026-04-09,627.0
P-00072208,2026-04-10,563.0
P-00072208,2026-04-13,779.0
P-00072208,2026-04-14,575.0
P-00072208,2026-04-15,542.0
P-00072208,2026-04-16,503.0
P-00072208,2026-04-17,566.0
P-00072208,2026-04-20,0.0
P-00072208,2026-04-21,0.0
P-00072208,2026-04-22,0.0
P-00072208,2026-04-23,0.0
P-00072208,2026-04-24,0.0
P-00072208,2026-04-25,3474.0
P-00072208,2026-04-27,688.0
P-00072208,2026-04-28,626.0
P-00072208,2026-04-29,671.0
P-00072208,2026-04-30,459.0
P-00072208,2026-05-01,0.0
P-00072208,2026-05-03,23.0
P-00072208,2026-05-04,587.0
P-00072208,2026-05-05,300.0
P-00072208,2026-05-06,238.0
P-00072208,2026-05-07,455.0
P-00072208,2026-05-08,0.0
P-00072208,2026-05-11,763.0
P-00072208,2026-05-12,993.0
P-00072208,2026-05-13,1105.0
P-00072208,2026-05-14,0.0
P-00072208,2026-05-15,0.0
P-00072208,2026-05-16,0.0
P-00072208,2026-05-17,23.0
P-00072208,2026-05-18,865.0
P-00072208,2026-05-19,709.0
P-00072208,2026-05-20,1043.0
P-00072208,2026-05-21,866.0
P-00072208,2026-05-22,686.0
P-00072208,2026-05-23,43.0
P-00072208,2026-05-25,0.0
P-00072208,2026-05-26,468.0
P-00072208,2026-05-27,813.0
P-00072208,2026-05-28,951.0
P-00072208,2026-05-29,575.0
P-00072208,2026-05-30,231.0
P-00072208,2026-05-31,131.0
P-00072208,2026-06-01,0.0
P-00072208,2026-06-02,0.0
P-00072208,2026-06-03,0.0
P-00072208,2026-06-04,0.0
P-00072208,2026-06-05,0.0
P-00072208,2026-06-06,3576.0
P-00072208,2026-06-08,726.0
P-00072208,2026-06-09,1186.0
P-00072208,2026-06-10,967.0
P-00072208,2026-06-11,956.0
P-00072208,2026-06-12,1065.0
P-00072208,2026-06-13,0.0
P-00072208,2026-06-14,74.0
P-00072208,2026-06-15,1105.0
P-00072208,2026-06-16,912.0
P-00072208,2026-06-17,966.0
P-00072208,2026-06-18,379.0
P-00072208,2026-06-19,669.0
P-00072208,2026-06-20,209.0
P-00072208,2026-06-21,0.0
P-00072208,2026-06-29,551.0
P-00072208,2026-06-30,610.0
P-00072208,2026-07-01,746.0
P-00072208,2026-07-02,782.0
P-00072208,2026-07-03,611.0
P-00072208,2026-07-04,267.0
P-00072208,2026-07-05,20.0
P-00072208,2026-07-06,716.0
P-00072208,2026-07-07,736.0
P-00072208,2026-07-08,805.0
P-00072208,2026-07-09,948.0
P-00072208,2026-07-10,717.0
P-00072208,2026-07-11,158.0
P-00072208,2026-07-13,211.0
P-00072208,2026-07-14,559.0
P-00072208,2026-07-15,573.0
P-00072208,2026-07-16,723.0
P-00072208,2026-07-17,904.0
P-00072208,2026-07-18,343.0
P-00072208,2026-07-20,837.0
P-00072208,2026-07-21,395.0
P-00072208,2026-07-22,534.0
P-00072208,2026-07-23,545.0
P-00072208,2026-07-24,798.0
P-00072208,2026-07-25,12.0
P-00072208,2026-07-26,288.0
P-00072208,2026-07-27,605.0
P-00072208,2026-07-28,509.0
P-00072208,2026-07-29,338.0
P-00072208,2026-08-17,657.0
P-00072208,2026-08-18,953.0
P-00072208,2026-08-19,734.0
P-00072208,2026-08-20,625.0
P-00072208,2026-08-21,445.0
P-00072208,2026-08-22,7.0
P-00072208,2026-08-24,516.0
P-00072208,2026-08-25,575.0
P-00072208,2026-08-26,436.0
P-00072208,2026-08-27,784.0
P-00072208,2026-08-28,1012.0
P-00072208,2026-08-29,267.0
P-00072208,2026-08-31,681.0
P-00072208,2026-09-01,1228.0
P-00072208,2026-09-02,422.0
P-00072208,2026-09-03,743.0
P-00072208,2026-09-04,852.0
P-00072208,2026-09-05,209.0
P-00072208,2026-09-06,106.0
P-00072208,2026-09-07,277.0
P-00072208,2026-09-08,556.0
P-00072208,2026-09-09,870.0
P-00072208,2026-09-10,730.0
P-00072208,2026-09-11,620.0
P-00072208,2026-09-14,834.0
P-00072208,2026-09-15,681.0
P-00072208,2026-09-16,506.0
P-00072208,2026-09-17,509.0
P-00076292,2026-03-14,188.0
P-00076292,2026-03-15,34.0
P-00076292,2026-03-16,756.0
P-00076292,2026-03-17,372.0
P-00076292,2026-03-18,378.0
P-00076292,2026-03-19,374.0
P-00076292,2026-03-20,419.0
P-00076292,2026-03-21,213.0
P-00076292,2026-03-23,411.0
P-00076292,2026-03-24,517.0
P-00076292,2026-03-25,382.0
P-00076292,2026-03-26,350.0
P-00076292,2026-03-27,384.0
P-00076292,2026-03-29,13.0
P-00076292,2026-03-30,455.0
P-00076292,2026-03-31,586.0
P-00076292,2026-04-01,432.0
P-00076292,2026-04-02,557.0
P-00076292,2026-04-03,552.0
P-00076292,2026-04-04,176.0
P-00076292,2026-04-06,520.0
P-00076292,2026-04-07,1042.0
P-00076292,2026-04-08,830.0
P-00076292,2026-04-09,692.0
P-00076292,2026-04-10,869.0
P-00076292,2026-04-13,781.0
P-00076292,2026-04-14,597.0
P-00076292,2026-04-15,641.0
P-00076292,2026-04-16,430.0
P-00076292,2026-04-17,658.0
P-00076292,2026-04-20,0.0
P-00076292,2026-04-21,0.0
P-00076292,2026-04-22,0.0
P-00076292,2026-04-23,0.0
P-00076292,2026-04-24,0.0
P-00076292,2026-04-25,2542.0
P-00076292,2026-04-27,322.0
P-00076292,2026-04-28,336.0
P-00076292,2026-04-29,552.0
P-00076292,2026-04-30,624.0
P-00076292,2026-05-01,0.0
P-00076292,2026-05-04,470.0
P-00076292,2026-05-05,417.0
P-00076292,2026-05-06,634.0
P-00076292,2026-05-07,531.0
P-00076292,2026-05-08,0.0
P-00076292,2026-05-11,570.0
P-00076292,2026-05-12,669.0
P-00076292,2026-05-13,568.0
P-00076292,2026-05-14,0.0
P-00076292,2026-05-15,0.0
P-00076292,2026-05-18,186.0
P-00076292,2026-05-19,282.0
P-00076292,2026-05-20,415.0
P-00076292,2026-05-21,437.0
P-00076292,2026-05-22,525.0
P-00076292,2026-05-25,0.0
P-00076292,2026-05-29,252.0
P-00076292,2026-06-01,0.0
P-00076292,2026-06-02,0.0
P-00076292,2026-06-03,0.0
P-00076292,2026-06-04,0.0
P-00076292,2026-06-05,0.0
P-00076292,2026-06-06,1625.0
P-00076292,2026-06-08,315.0
P-00076292,2026-06-09,1515.0
P-00076292,2026-06-10,404.0
P-00076292,2026-06-11,335.0
P-00076292,2026-06-12,392.0
P-00076292,2026-06-13,0.0
P-00076292,2026-06-14,0.0
P-00076292,2026-06-15,346.0
P-00076292,2026-06-16,412.0
P-00076292,2026-06-17,399.0
P-00076292,2026-06-18,340.0
P-00076292,2026-06-19,238.0
P-00076292,2026-06-20,0.0
P-00076292,2026-06-21,0.0
P-00076292,2026-06-29,312.0
P-00076292,2026-06-30,320.0
P-00076292,2026-07-01,357.0
P-00076292,2026-07-02,272.0
P-00076292,2026-07-03,347.0
P-00076292,2026-07-04,164.0
P-00076292,2026-07-06,354.0
P-00076292,2026-07-07,324.0
P-00076292,2026-07-08,393.0
P-00076292,2026-07-09,375.0
P-00076292,2026-07-10,326.0
P-00076292,2026-07-11,23.0
P-00076292,2026-07-13,0.0
P-00076292,2026-07-14,0.0
P-00076292,2026-07-15,342.0
P-00076292,2026-07-16,438.0
P-00076292,2026-07-17,334.0
P-00076292,2026-07-20,332.0
P-00076292,2026-07-21,348.0
P-00076292,2026-07-22,309.0
P-00076292,2026-07-23,121.0
P-00076292,2026-07-24,232.0
P-00076292,2026-08-17,96.0
P-00076292,2026-08-18,86.0
P-00076292,2026-08-19,72.0
P-00076292,2026-08-20,0.0
P-00076292,2026-08-21,33.0
P-00076292,2026-08-24,287.0
P-00076292,2026-08-25,232.0
P-00076292,2026-08-26,237.0
P-00076292,2026-08-27,238.0
P-00076292,2026-08-28,220.0
P-00076292,2026-08-29,111.0
P-00076292,2026-08-31,112.0
P-00076292,2026-09-01,180.0
P-00076292,2026-09-02,263.0
P-00076292,2026-09-03,319.0
P-00076292,2026-09-04,124.0
P-00076292,2026-09-05,106.0
P-00076292,2026-09-07,230.0
P-00076292,2026-09-08,385.0
P-00076292,2026-09-09,347.0
P-00076292,2026-09-10,244.0
P-00076292,2026-09-11,181.0
P-00076292,2026-09-14,249.0
P-00076292,2026-09-15,513.0
P-00076292,2026-09-16,264.0
P-00076292,2026-09-17,334.0
P-00097112,2026-03-16,136.224
P-00097112,2026-03-17,388.548
P-00097112,2026-03-18,226.008
P-00097112,2026-03-19,184.212
P-00097112,2026-03-20,139.32
P-00097112,2026-03-23,95.976
P-00097112,2026-03-24,0.0
P-00097112,2026-03-25,0.0
P-00097112,2026-03-26,0.0
P-00097112,2026-03-27,0.0
P-00097112,2026-03-30,88.236
P-00097112,2026-03-31,0.0
P-00097112,2026-04-01,0.0
P-00097112,2026-04-02,0.0
P-00097112,2026-04-03,0.0
P-00097112,2026-04-06,0.0
P-00097112,2026-04-07,287.928
P-00097112,2026-04-08,360.684
P-00097112,2026-04-09,524.772
P-00097112,2026-04-10,431.892
P-00097112,2026-04-13,602.172
P-00097112,2026-04-14,569.664
P-00097112,2026-04-15,673.38
P-00097112,2026-04-16,551.088
P-00097112,2026-04-17,554.184
P-00097112,2026-04-20,0.0
P-00097112,2026-04-21,0.0
P-00097112,2026-04-22,0.0
P-00097112,2026-04-23,0.0
P-00097112,2026-04-24,0.0
P-00097112,2026-04-25,4325.112
P-00097112,2026-04-27,578.952
P-00097112,2026-04-28,518.58
P-00097112,2026-04-29,784.836
P-00097112,2026-04-30,708.984
P-00097112,2026-05-01,0.0
P-00097112,2026-05-03,35.604
P-00097112,2026-05-04,890.1
P-00097112,2026-05-05,464.4
P-00097112,2026-05-06,362.232
P-00097112,2026-05-07,532.512
P-00097112,2026-05-08,0.0
P-00097112,2026-05-11,775.548
P-00097112,2026-05-12,1052.64
P-00097112,2026-05-13,1216.728
P-00097112,2026-05-14,0.0
P-00097112,2026-05-15,0.0
P-00097112,2026-05-16,0.0
P-00097112,2026-05-17,35.604
P-00097112,2026-05-18,1133.136
P-00097112,2026-05-19,837.468
P-00097112,2026-05-20,1108.368
P-00097112,2026-05-21,876.168
P-00097112,2026-05-22,504.648
P-00097112,2026-05-23,66.564
P-00097112,2026-05-25,0.0
P-00097112,2026-05-26,617.652
P-00097112,2026-05-27,936.54
P-00097112,2026-05-28,1075.86
P-00097112,2026-05-29,888.552
P-00097112,2026-05-30,357.588
P-00097112,2026-05-31,109.908
P-00097112,2026-06-01,0.0
P-00097112,2026-06-02,0.0
P-00097112,2026-06-03,0.0
P-00097112,2026-06-04,0.0
P-00097112,2026-06-05,0.0
P-00097112,2026-06-06,4664.124
P-00097112,2026-06-08,647.064
P-00097112,2026-06-09,1284.84
P-00097112,2026-06-10,1191.96
P-00097112,2026-06-11,1292.58
P-00097112,2026-06-12,1337.472
P-00097112,2026-06-13,0.0
P-00097112,2026-06-14,114.552
P-00097112,2026-06-15,1334.376
P-00097112,2026-06-16,1212.084
P-00097112,2026-06-17,1204.344
P-00097112,2026-06-18,586.692
P-00097112,2026-06-19,733.752
P-00097112,2026-06-20,323.532
P-00097112,2026-06-21,0.0
P-00097112,2026-06-29,475.236
P-00097112,2026-06-30,651.708
P-00097112,2026-07-01,956.664
P-00097112,2026-07-02,859.14
P-00097112,2026-07-03,945.828
P-00097112,2026-07-04,413.316
P-00097112,2026-07-05,30.96
P-00097112,2026-07-06,924.156
P-00097112,2026-07-07,1038.708
P-00097112,2026-07-08,948.924
P-00097112,2026-07-09,1085.148
P-00097112,2026-07-10,821.988
P-00097112,2026-07-11,244.584
P-00097112,2026-07-13,326.628
P-00097112,2026-07-14,865.332
P-00097112,2026-07-15,633.132
P-00097112,2026-07-16,913.32
P-00097112,2026-07-17,1021.68
P-00097112,2026-07-18,530.964
P-00097112,2026-07-20,1184.22
P-00097112,2026-07-21,318.888
P-00097112,2026-07-22,636.228
P-00097112,2026-07-23,619.2
P-00097112,2026-07-24,1235.304
P-00097112,2026-07-25,18.576
P-00097112,2026-07-26,445.824
P-00097112,2026-07-27,936.54
P-00097112,2026-07-28,787.932
P-00097112,2026-07-29,518.58
P-00097112,2026-08-17,904.032
P-00097112,2026-08-18,1280.196
P-00097112,2026-08-19,835.92
P-00097112,2026-08-20,701.244
P-00097112,2026-08-21,541.8
P-00097112,2026-08-22,10.836
P-00097112,2026-08-24,291.024
P-00097112,2026-08-25,509.292
P-00097112,2026-08-26,656.352
P-00097112,2026-08-27,899.388
P-00097112,2026-08-28,1560.384
P-00097112,2026-08-29,413.316
P-00097112,2026-08-31,947.376
P-00097112,2026-09-01,1808.064
P-00097112,2026-09-02,647.064
P-00097112,2026-09-03,933.444
P-00097112,2026-09-04,1085.148
P-00097112,2026-09-05,323.532
P-00097112,2026-09-06,164.088
P-00097112,2026-09-07,360.684
P-00097112,2026-09-08,834.372
P-00097112,2026-09-09,969.048
P-00097112,2026-09-10,834.372
P-00097112,2026-09-11,794.124
P-00097112,2026-09-14,936.54
P-00097112,2026-09-15,667.188
P-00097112,2026-09-16,487.62
P-00097112,2026-09-17,594.432
P-00162871,2026-03-16,5823.0
P-00162871,2026-03-17,6710.0
P-00162871,2026-03-18,1543.0
P-00162871,2026-03-19,4752.0
P-00162871,2026-03-20,3477.0
P-00162871,2026-03-23,4071.0
P-00162871,2026-03-24,4514.0
P-00162871,2026-03-25,1629.0
P-00162871,2026-03-26,783.0
P-00162871,2026-03-27,3559.0
P-00162871,2026-03-30,1321.0
P-00162871,2026-03-31,3510.0
P-00162871,2026-04-01,2166.0
P-00162871,2026-04-02,3581.0
P-00162871,2026-04-03,0.0
P-00162871,2026-04-06,0.0
P-00162871,2026-04-07,5202.0
P-00162871,2026-04-08,4460.0
P-00162871,2026-04-09,1538.0
P-00162871,2026-04-10,2987.0
P-00162871,2026-04-13,5092.0
P-00162871,2026-04-14,5990.0
P-00162871,2026-04-15,1841.0
P-00162871,2026-04-16,1860.0
P-00162871,2026-04-17,0.0
P-00162871,2026-04-20,0.0
P-00162871,2026-04-21,0.0
P-00162871,2026-04-22,0.0
P-00162871,2026-04-23,0.0
P-00162871,2026-04-24,0.0
P-00162871,2026-04-25,18205.0
P-00162871,2026-04-27,5011.0
P-00162871,2026-04-28,3023.0
P-00162871,2026-04-29,0.0
P-00162871,2026-04-30,3658.0
P-00162871,2026-05-01,0.0
P-00162871,2026-05-04,3192.0
P-00162871,2026-05-05,2432.0
P-00162871,2026-05-06,0.0
P-00162871,2026-05-07,5896.0
P-00162871,2026-05-08,0.0
P-00162871,2026-05-11,5839.0
P-00162871,2026-05-12,7857.0
P-00162871,2026-05-13,34.0
P-00162871,2026-05-14,0.0
P-00162871,2026-05-15,0.0
P-00162871,2026-05-18,4607.0
P-00162871,2026-05-19,1989.0
P-00162871,2026-05-20,3074.0
P-00162871,2026-05-21,4040.0
P-00162871,2026-05-22,4855.0
P-00162871,2026-05-25,0.0
P-00162871,2026-05-26,2892.0
P-00162871,2026-05-27,1732.0
P-00162871,2026-05-28,83.0
P-00162871,2026-05-29,4945.0
P-00162871,2026-06-01,0.0
P-00162871,2026-06-02,0.0
P-00162871,2026-06-03,0.0
P-00162871,2026-06-04,0.0
P-00162871,2026-06-05,0.0
P-00162871,2026-06-06,14942.0
P-00162871,2026-06-08,2809.0
P-00162871,2026-06-09,1458.0
P-00162871,2026-06-10,4193.0
P-00162871,2026-06-11,1544.0
P-00162871,2026-06-12,5.0
P-00162871,2026-06-13,0.0
P-00162871,2026-06-14,0.0
P-00162871,2026-06-15,758.0
P-00162871,2026-06-16,1409.0
P-00162871,2026-06-17,3399.0
P-00162871,2026-06-18,3703.0
P-00162871,2026-06-19,61.0
P-00162871,2026-06-20,0.0
P-00162871,2026-06-21,0.0
P-00162871,2026-06-29,6859.0
P-00162871,2026-06-30,7489.0
P-00162871,2026-07-01,3353.0
P-00162871,2026-07-02,2127.0
P-00162871,2026-07-03,4832.0
P-00162871,2026-07-06,1476.0
P-00162871,2026-07-07,1098.0
P-00162871,2026-07-08,1882.0
P-00162871,2026-07-09,4467.0
P-00162871,2026-07-10,4061.0
P-00162871,2026-07-13,0.0
P-00162871,2026-07-14,0.0
P-00162871,2026-07-15,621.0
P-00162871,2026-07-16,30.0
P-00162871,2026-07-17,10.0
P-00162871,2026-07-19,1495.0
P-00162871,2026-07-20,6698.0
P-00162871,2026-07-21,1694.0
P-00162871,2026-07-22,229.0
P-00162871,2026-07-23,956.0
P-00162871,2026-07-24,10.0
P-00162871,2026-08-17,3578.0
P-00162871,2026-08-18,5671.0
P-00162871,2026-08-19,4194.0
P-00162871,2026-08-20,4989.0
P-00162871,2026-08-21,5603.0
P-00162871,2026-08-24,991.0
P-00162871,2026-08-25,0.0
P-00162871,2026-08-26,0.0
P-00162871,2026-08-27,3705.0
P-00162871,2026-08-28,3463.0
P-00162871,2026-08-31,2279.0
P-00162871,2026-09-01,2119.0
P-00162871,2026-09-02,5081.0
P-00162871,2026-09-03,4375.0
P-00162871,2026-09-04,3303.0
P-00162871,2026-09-07,0.0
P-00162871,2026-09-08,0.0
P-00162871,2026-09-09,3590.0
P-00162871,2026-09-10,3217.0
P-00162871,2026-09-11,413.0
P-00162871,2026-09-14,3890.0
P-00162871,2026-09-15,5499.0
P-00162871,2026-09-16,818.0
P-00162871,2026-09-17,3890.0
P-00197812,2026-03-16,88.0
P-00197812,2026-03-17,251.0
P-00197812,2026-03-18,146.0
P-00197812,2026-03-19,119.0
P-00197812,2026-03-20,90.0
P-00197812,2026-03-23,62.0
P-00197812,2026-03-24,0.0
P-00197812,2026-03-25,0.0
P-00197812,2026-03-26,0.0
P-00197812,2026-03-27,0.0
P-00197812,2026-03-30,57.0
P-00197812,2026-03-31,0.0
P-00197812,2026-04-01,0.0
P-00197812,2026-04-02,0.0
P-00197812,2026-04-03,0.0
P-00197812,2026-04-06,0.0
P-00197812,2026-04-07,186.0
P-00197812,2026-04-08,233.0
P-00197812,2026-04-09,339.0
P-00197812,2026-04-10,279.0
P-00197812,2026-04-13,389.0
P-00197812,2026-04-14,368.0
P-00197812,2026-04-15,435.0
P-00197812,2026-04-16,356.0
P-00197812,2026-04-17,358.0
P-00197812,2026-04-20,0.0
P-00197812,2026-04-21,0.0
P-00197812,2026-04-22,0.0
P-00197812,2026-04-23,0.0
P-00197812,2026-04-24,0.0
P-00197812,2026-04-25,2794.0
P-00197812,2026-04-27,374.0
P-00197812,2026-04-28,335.0
P-00197812,2026-04-29,507.0
P-00197812,2026-04-30,458.0
P-00197812,2026-05-01,0.0
P-00197812,2026-05-03,23.0
P-00197812,2026-05-04,575.0
P-00197812,2026-05-05,300.0
P-00197812,2026-05-06,234.0
P-00197812,2026-05-07,344.0
P-00197812,2026-05-08,0.0
P-00197812,2026-05-11,501.0
P-00197812,2026-05-12,680.0
P-00197812,2026-05-13,786.0
P-00197812,2026-05-14,0.0
P-00197812,2026-05-15,0.0
P-00197812,2026-05-16,0.0
P-00197812,2026-05-17,23.0
P-00197812,2026-05-18,732.0
P-00197812,2026-05-19,541.0
P-00197812,2026-05-20,716.0
P-00197812,2026-05-21,566.0
P-00197812,2026-05-22,326.0
P-00197812,2026-05-23,43.0
P-00197812,2026-05-25,0.0
P-00197812,2026-05-26,399.0
P-00197812,2026-05-27,605.0
P-00197812,2026-05-28,695.0
P-00197812,2026-05-29,574.0
P-00197812,2026-05-30,231.0
P-00197812,2026-05-31,71.0
P-00197812,2026-06-01,0.0
P-00197812,2026-06-02,0.0
P-00197812,2026-06-03,0.0
P-00197812,2026-06-04,0.0
P-00197812,2026-06-05,0.0
P-00197812,2026-06-06,3013.0
P-00197812,2026-06-08,418.0
P-00197812,2026-06-09,830.0
P-00197812,2026-06-10,770.0
P-00197812,2026-06-11,835.0
P-00197812,2026-06-12,864.0
P-00197812,2026-06-13,0.0
P-00197812,2026-06-14,74.0
P-00197812,2026-06-15,862.0
P-00197812,2026-06-16,783.0
P-00197812,2026-06-17,778.0
P-00197812,2026-06-18,379.0
P-00197812,2026-06-19,474.0
P-00197812,2026-06-20,209.0
P-00197812,2026-06-21,0.0
P-00197812,2026-06-29,307.0
P-00197812,2026-06-30,421.0
P-00197812,2026-07-01,618.0
P-00197812,2026-07-02,555.0
P-00197812,2026-07-03,611.0
P-00197812,2026-07-04,267.0
P-00197812,2026-07-05,20.0
P-00197812,2026-07-06,597.0
P-00197812,2026-07-07,671.0
P-00197812,2026-07-08,613.0
P-00197812,2026-07-09,701.0
P-00197812,2026-07-10,531.0
P-00197812,2026-07-11,158.0
P-00197812,2026-07-13,211.0
P-00197812,2026-07-14,559.0
P-00197812,2026-07-15,409.0
P-00197812,2026-07-16,590.0
P-00197812,2026-07-17,660.0
P-00197812,2026-07-18,343.0
P-00197812,2026-07-20,765.0
P-00197812,2026-07-21,206.0
P-00197812,2026-07-22,411.0
P-00197812,2026-07-23,400.0
P-00197812,2026-07-24,798.0
P-00197812,2026-07-25,12.0
P-00197812,2026-07-26,288.0
P-00197812,2026-07-27,605.0
P-00197812,2026-07-28,509.0
P-00197812,2026-07-29,335.0
P-00197812,2026-08-17,584.0
P-00197812,2026-08-18,827.0
P-00197812,2026-08-19,540.0
P-00197812,2026-08-20,453.0
P-00197812,2026-08-21,350.0
P-00197812,2026-08-22,7.0
P-00197812,2026-08-24,188.0
P-00197812,2026-08-25,329.0
P-00197812,2026-08-26,424.0
P-00197812,2026-08-27,581.0
P-00197812,2026-08-28,1008.0
P-00197812,2026-08-29,267.0
P-00197812,2026-08-31,612.0
P-00197812,2026-09-01,1168.0
P-00197812,2026-09-02,418.0
P-00197812,2026-09-03,603.0
P-00197812,2026-09-04,701.0
P-00197812,2026-09-05,209.0
P-00197812,2026-09-06,106.0
P-00197812,2026-09-07,233.0
P-00197812,2026-09-08,539.0
P-00197812,2026-09-09,626.0
P-00197812,2026-09-10,539.0
P-00197812,2026-09-11,513.0
P-00197812,2026-09-14,605.0
P-00197812,2026-09-15,431.0
P-00197812,2026-09-16,315.0
P-00197812,2026-09-17,384.0
