receipt_id,article_id,supplier_id,receipt_date,qty,purch_id,packing_slip
RC-000001,P-00001046,S-000545,2026-04-01,1600,PO-000001,
RC-000002,P-00001046,S-000545,2026-04-07,1600,,
RC-000003,P-00001046,S-000545,2026-04-15,1600,PO-000003,
RC-000004,P-00001046,S-000545,2026-04-23,1600,,
RC-000005,P-00001046,S-000545,2026-05-07,1600,,
RC-000006,P-00001046,S-000545,2026-05-18,1600,,
RC-000007,P-00001046,S-000545,2026-05-22,1600,,
RC-000008,P-00001046,S-000545,2026-06-11,1600,,
RC-000009,P-00001046,S-000545,2026-06-24,1600,PO-000009,
RC-000010,P-00001046,S-000545,2026-06-26,3200,PO-000010,
RC-000011,P-00001046,S-000545,2026-07-16,1600,,
RC-000012,P-00001046,S-000545,2026-07-22,1600,PO-000012,
RC-000013,P-00001046,S-000545,2026-07-31,1600,,
RC-000014,P-00001046,S-000545,2026-09-08,1600,,
RC-000015,P-00001046,S-000545,2026-09-16,1600,PO-000015,
RC-000016,P-00003751,S-000599,2026-03-16,2025,,
RC-000017,P-00003751,S-000599,2026-03-20,2160,,
RC-000018,P-00003751,S-000599,2026-03-23,1350,,
RC-000019,P-00003751,S-000599,2026-03-26,1350,PO-000038,
RC-000020,P-00003751,S-000599,2026-03-30,1485,,
RC-000021,P-00003751,S-000599,2026-04-02,2025,PO-000039,
RC-000022,P-00003751,S-000599,2026-04-07,2025,,
RC-000023,P-00003751,S-000599,2026-04-09,1215,PO-000040,
RC-000024,P-00003751,S-000599,2026-04-13,1755,,
RC-000025,P-00003751,S-000599,2026-04-15,810,,
RC-000026,P-00003751,S-000599,2026-04-17,1350,,
RC-000027,P-00003751,S-000599,2026-04-20,2295,,
RC-000028,P-00003751,S-000599,2026-04-23,2160,PO-000042,
RC-000029,P-00003751,S-000599,2026-04-27,3105,,
RC-000030,P-00003751,S-000599,2026-04-30,945,PO-000043,
RC-000031,P-00003751,S-000599,2026-05-04,1890,,
RC-000032,P-00003751,S-000599,2026-05-05,810,,
RC-000033,P-00003751,S-000599,2026-05-07,1215,PO-000044,
RC-000034,P-00003751,S-000599,2026-05-12,1755,,
RC-000035,P-00003751,S-000599,2026-05-18,945,,
RC-000036,P-00003751,S-000599,2026-05-20,1350,,
RC-000037,P-00003751,S-000599,2026-05-21,810,PO-000046,
RC-000038,P-00003751,S-000599,2026-05-27,1890,,
RC-000039,P-00003751,S-000599,2026-05-29,2160,,
RC-000040,P-00003751,S-000599,2026-06-01,1755,,
RC-000041,P-00003751,S-000599,2026-06-03,1080,,
RC-000042,P-00003751,S-000599,2026-06-05,810,,
RC-000043,P-00003751,S-000599,2026-06-09,2160,,
RC-000044,P-00003751,S-000599,2026-06-11,810,PO-000051,
RC-000045,P-00003751,S-000599,2026-06-15,3510,,
RC-000046,P-00003751,S-000599,2026-06-22,4050,,
RC-000047,P-00003751,S-000599,2026-06-24,810,,
RC-000048,P-00003751,S-000599,2026-06-30,3375,,
RC-000049,P-00003751,S-000599,2026-07-02,2295,PO-000056,
RC-000050,P-00003751,S-000599,2026-07-07,2565,,
RC-000051,P-00003751,S-000599,2026-07-16,4725,PO-000058,
RC-000052,P-00003751,S-000599,2026-07-22,5400,,
RC-000053,P-00003751,S-000599,2026-07-29,2430,,
RC-000054,P-00003751,S-000599,2026-08-18,1350,PO-000060,
RC-000055,P-00003751,S-000599,2026-08-25,1890,PO-000061,
RC-000056,P-00003751,S-000599,2026-09-01,675,PO-000062,
RC-000057,P-00003751,S-000599,2026-09-08,2970,PO-000063,
RC-000058,P-00003751,S-000599,2026-09-14,1890,,
RC-000059,P-00003759,S-000186,2026-03-17,15215,PO-000103,
RC-000060,P-00003759,S-000186,2026-03-19,19507,PO-000104,
RC-000061,P-00003759,S-000186,2026-03-26,19508,PO-000105,
RC-000062,P-00003759,S-000186,2026-03-31,19294,PO-000106,
RC-000063,P-00003759,S-000186,2026-04-02,19614,PO-000107,
RC-000064,P-00003759,S-000186,2026-04-07,19486,PO-000108,
RC-000065,P-00003759,S-000186,2026-04-14,16709,PO-000109,
RC-000066,P-00003759,S-000186,2026-04-17,19302,,
RC-000067,P-00003759,S-000186,2026-04-21,16586,PO-000111,
RC-000068,P-00003759,S-000186,2026-04-23,19618,PO-000112,
RC-000069,P-00003759,S-000186,2026-04-28,19298,PO-000113,
RC-000070,P-00003759,S-000186,2026-04-30,19770,PO-000114,
RC-000071,P-00003759,S-000186,2026-05-05,16637,PO-000115,
RC-000072,P-00003759,S-000186,2026-05-07,19518,PO-000116,
RC-000073,P-00003759,S-000186,2026-05-12,19644,PO-000117,
RC-000074,P-00003759,S-000186,2026-05-19,16600,PO-000118,
RC-000075,P-00003759,S-000186,2026-05-26,19261,PO-000119,
RC-000076,P-00003759,S-000186,2026-05-31,17040,,
RC-000077,P-00003759,S-000186,2026-06-02,19880,PO-000120,
RC-000078,P-00003759,S-000186,2026-06-08,16659,,
RC-000079,P-00003759,S-000186,2026-06-09,16658,PO-000121,
RC-000080,P-00003759,S-000186,2026-06-16,16626,PO-000122,
RC-000081,P-00003759,S-000186,2026-06-18,19505,,
RC-000082,P-00003759,S-000186,2026-06-23,19359,PO-000123,
RC-000083,P-00003759,S-000186,2026-06-30,16699,PO-000124,
RC-000084,P-00003759,S-000186,2026-07-01,19243,PO-000125,
RC-000085,P-00003759,S-000186,2026-07-07,17689,PO-000126,
RC-000086,P-00003759,S-000186,2026-07-13,19753,PO-000127,
RC-000087,P-00003759,S-000186,2026-07-17,19205,,
RC-000088,P-00003759,S-000186,2026-07-21,16624,PO-000129,
RC-000089,P-00003759,S-000186,2026-08-20,19093,PO-000130,
RC-000090,P-00003759,S-000186,2026-08-27,18176,PO-000131,
RC-000091,P-00003759,S-000186,2026-09-03,16627,PO-000132,
RC-000092,P-00003759,S-000186,2026-09-10,19441,PO-000133,
RC-000093,P-00003759,S-000186,2026-09-17,19624,PO-000134,
RC-000094,P-00004583,S-000186,2026-03-17,2840,PO-000162,
RC-000095,P-00004583,S-000186,2026-04-14,2840,PO-000163,
RC-000096,P-00004583,S-000186,2026-04-21,2830,PO-000164,
RC-000097,P-00004583,S-000186,2026-05-05,2800,PO-000165,
RC-000098,P-00004583,S-000186,2026-05-19,2675,PO-000166,
RC-000099,P-00004583,S-000186,2026-06-09,2769,PO-000167,
RC-000100,P-00004583,S-000186,2026-06-16,2843,PO-000168,
RC-000101,P-00004583,S-000186,2026-06-30,2734,PO-000169,
RC-000102,P-00004583,S-000186,2026-07-07,1420,PO-000170,
RC-000103,P-00004583,S-000186,2026-07-21,2840,PO-000171,
RC-000104,P-00004583,S-000186,2026-08-27,1380,PO-000172,
RC-000105,P-00004583,S-000186,2026-09-03,2819,PO-000173,
RC-000106,P-00005010,S-000286,2026-03-18,75270,,
RC-000107,P-00005010,S-000286,2026-04-01,73476,,
RC-000108,P-00005010,S-000286,2026-04-09,79820,PO-000201,
RC-000109,P-00005010,S-000286,2026-04-20,74490,,
RC-000110,P-00005010,S-000286,2026-04-22,72020,,
RC-000111,P-00005010,S-000286,2026-04-29,74230,,
RC-000112,P-00005010,S-000286,2026-05-11,72280,,
RC-000113,P-00005010,S-000286,2026-05-21,73970,PO-000206,
RC-000114,P-00005010,S-000286,2026-05-28,82940,,
RC-000115,P-00005010,S-000286,2026-06-10,75400,,
RC-000116,P-00005010,S-000286,2026-06-18,80860,PO-000209,
RC-000117,P-00005010,S-000286,2026-06-25,78638,PO-000210,
RC-000118,P-00005010,S-000286,2026-07-01,78754,,
RC-000119,P-00005010,S-000286,2026-07-23,70504,PO-000212,
RC-000120,P-00005010,S-000286,2026-08-07,74968,,
RC-000121,P-00005010,S-000286,2026-09-17,71318,PO-000214,
RC-000122,P-00005129,S-000106,2026-04-17,47619,,
RC-000123,P-00005129,S-000106,2026-05-20,47785,,
RC-000124,P-00005129,S-000106,2026-06-02,48510,,
RC-000125,P-00005129,S-000106,2026-06-10,48840,,
RC-000126,P-00005129,S-000106,2026-06-16,45440,,
RC-000127,P-00005129,S-000106,2026-07-16,95385,,
RC-000128,P-00005129,S-000106,2026-07-17,48015,,
RC-000129,P-00005129,S-000106,2026-08-10,48675,,
RC-000130,P-00005129,S-000106,2026-09-09,49005,,
RC-000131,P-00005775,S-000032,2026-03-17,19008,PO-000261,
RC-000132,P-00005775,S-000032,2026-03-19,19008,PO-000262,
RC-000133,P-00005775,S-000032,2026-03-23,19008,PO-000263,
RC-000134,P-00005775,S-000032,2026-03-25,19008,PO-000264,
RC-000135,P-00005775,S-000032,2026-03-27,19008,PO-000265,
RC-000136,P-00005775,S-000032,2026-03-30,19008,PO-000266,
RC-000137,P-00005775,S-000032,2026-03-31,19008,PO-000267,
RC-000138,P-00005775,S-000032,2026-04-01,19008,PO-000268,
RC-000139,P-00005775,S-000032,2026-04-07,19008,PO-000269,
RC-000140,P-00005775,S-000032,2026-04-08,19008,PO-000270,
RC-000141,P-00005775,S-000032,2026-04-10,19008,PO-000271,
RC-000142,P-00005775,S-000032,2026-04-13,19008,PO-000272,
RC-000143,P-00005775,S-000032,2026-04-15,19008,PO-000273,
RC-000144,P-00005775,S-000032,2026-04-17,19008,PO-000274,
RC-000145,P-00005775,S-000032,2026-04-20,19008,PO-000275,
RC-000146,P-00005775,S-000032,2026-04-22,19008,PO-000276,
RC-000147,P-00005775,S-000032,2026-04-24,19008,PO-000277,
RC-000148,P-00005775,S-000032,2026-04-27,19008,PO-000278,
RC-000149,P-00005775,S-000032,2026-04-28,19008,PO-000279,
RC-000150,P-00005775,S-000032,2026-04-29,19008,PO-000280,
RC-000151,P-00005775,S-000032,2026-05-04,19008,PO-000281,
RC-000152,P-00005775,S-000032,2026-05-06,19008,PO-000282,
RC-000153,P-00005775,S-000032,2026-05-11,19008,PO-000283,
RC-000154,P-00005775,S-000032,2026-05-13,19008,PO-000284,
RC-000155,P-00005775,S-000032,2026-05-18,19008,PO-000285,
RC-000156,P-00005775,S-000032,2026-05-20,19008,PO-000286,
RC-000157,P-00005775,S-000032,2026-05-22,19008,PO-000287,
RC-000158,P-00005775,S-000032,2026-05-27,19008,,
RC-000159,P-00005775,S-000032,2026-05-28,19008,PO-000289,
RC-000160,P-00005775,S-000032,2026-05-29,19008,PO-000290,
RC-000161,P-00005775,S-000032,2026-06-03,19008,,
RC-000162,P-00005775,S-000032,2026-06-04,19008,PO-000292,
RC-000163,P-00005775,S-000032,2026-06-08,19008,PO-000293,
RC-000164,P-00005775,S-000032,2026-06-10,19008,PO-000294,
RC-000165,P-00005775,S-000032,2026-06-12,19008,PO-000295,
RC-000166,P-00005775,S-000032,2026-06-16,19008,,
RC-000167,P-00005775,S-000032,2026-06-17,19008,PO-000297,
RC-000168,P-00005775,S-000032,2026-06-19,19008,PO-000298,
RC-000169,P-00005775,S-000032,2026-06-22,19008,PO-000299,
RC-000170,P-00005775,S-000032,2026-06-24,19008,PO-000300,
RC-000171,P-00005775,S-000032,2026-06-26,19008,PO-000301,
RC-000172,P-00005775,S-000032,2026-06-30,19008,PO-000302,
RC-000173,P-00005775,S-000032,2026-07-02,19008,PO-000303,
RC-000174,P-00005775,S-000032,2026-07-06,19008,PO-000304,
RC-000175,P-00005775,S-000032,2026-07-08,19008,PO-000305,
RC-000176,P-00005775,S-000032,2026-07-10,19008,PO-000306,
RC-000177,P-00005775,S-000032,2026-07-15,19008,PO-000307,
RC-000178,P-00005775,S-000032,2026-07-16,19008,PO-000308,
RC-000179,P-00005775,S-000032,2026-07-17,19008,PO-000309,
RC-000180,P-00005775,S-000032,2026-07-21,19008,PO-000310,
RC-000181,P-00005775,S-000032,2026-07-23,19008,PO-000311,
RC-000182,P-00005775,S-000032,2026-08-20,19008,PO-000312,
RC-000183,P-00005775,S-000032,2026-08-25,19008,PO-000313,
RC-000184,P-00005775,S-000032,2026-08-27,19008,PO-000314,
RC-000185,P-00005775,S-000032,2026-09-01,19008,PO-000315,
RC-000186,P-00005775,S-000032,2026-09-03,19008,PO-000316,
RC-000187,P-00005775,S-000032,2026-09-07,19008,PO-000317,
RC-000188,P-00005775,S-000032,2026-09-09,19008,PO-000318,
RC-000189,P-00005775,S-000032,2026-09-14,19008,,
RC-000190,P-00005775,S-000032,2026-09-15,19008,PO-000320,
RC-000191,P-00005775,S-000032,2026-09-17,19008,PO-000321,
RC-000192,P-00005775,S-001033,2026-05-31,16416,,
RC-000193,P-00005775,S-001033,2026-06-08,16416,,
RC-000194,P-00005775,S-001033,2026-06-22,16416,,
RC-000195,P-00040241,S-000517,2026-03-19,2430,PO-000350,
RC-000196,P-00040241,S-000517,2026-03-26,3375,PO-000351,
RC-000197,P-00040241,S-000517,2026-04-09,3510,PO-000352,
RC-000198,P-00040241,S-000517,2026-04-23,5400,PO-000353,
RC-000199,P-00040241,S-000517,2026-05-07,3240,PO-000354,
RC-000200,P-00040241,S-000517,2026-05-18,3240,PO-000355,
RC-000201,P-00040241,S-000517,2026-05-21,1350,PO-000356,
RC-000202,P-00040241,S-000517,2026-05-28,1890,PO-000357,
RC-000203,P-00040241,S-000517,2026-06-05,2700,,
RC-000204,P-00040241,S-000517,2026-06-18,1350,PO-000359,
RC-000205,P-00040241,S-000517,2026-06-25,1350,PO-000360,
RC-000206,P-00040241,S-000517,2026-07-01,1350,,
RC-000207,P-00040241,S-000517,2026-07-09,1890,PO-000362,
RC-000208,P-00040241,S-000517,2026-07-17,3240,,
RC-000209,P-00040241,S-000517,2026-07-27,3780,,
RC-000210,P-00040241,S-000517,2026-08-27,2160,PO-000365,
RC-000211,P-00040241,S-000517,2026-09-04,2160,,
RC-000212,P-00040241,S-000517,2026-09-17,540,PO-000367,
RC-000213,P-00043859,S-000032,2026-03-16,1656,PO-000393,
RC-000214,P-00043859,S-000032,2026-03-23,1656,PO-000394,
RC-000215,P-00043859,S-000032,2026-03-25,1656,PO-000395,
RC-000216,P-00043859,S-000032,2026-03-27,1656,PO-000396,
RC-000217,P-00043859,S-000032,2026-03-31,1656,PO-000397,
RC-000218,P-00043859,S-000032,2026-04-02,1656,PO-000398,
RC-000219,P-00043859,S-000032,2026-04-03,1656,PO-000399,
RC-000220,P-00043859,S-000032,2026-04-07,1656,PO-000400,
RC-000221,P-00043859,S-000032,2026-04-08,1656,PO-000401,
RC-000222,P-00043859,S-000032,2026-04-09,1656,PO-000402,
RC-000223,P-00043859,S-000032,2026-04-10,1404,PO-000403,
RC-000224,P-00043859,S-000032,2026-04-15,1656,PO-000404,
RC-000225,P-00043859,S-000032,2026-04-20,1656,PO-000405,
RC-000226,P-00043859,S-000032,2026-04-22,1656,PO-000406,
RC-000227,P-00043859,S-000032,2026-04-24,1656,PO-000407,
RC-000228,P-00043859,S-000032,2026-04-27,1656,PO-000408,
RC-000229,P-00043859,S-000032,2026-04-29,1656,PO-000409,
RC-000230,P-00043859,S-000032,2026-04-30,1656,PO-000410,
RC-000231,P-00043859,S-000032,2026-05-04,1656,PO-000411,
RC-000232,P-00043859,S-000032,2026-05-06,1656,PO-000412,
RC-000233,P-00043859,S-000032,2026-05-11,1656,PO-000413,
RC-000234,P-00043859,S-000032,2026-05-12,1656,PO-000414,
RC-000235,P-00043859,S-000032,2026-05-21,1656,PO-000415,
RC-000236,P-00043859,S-000032,2026-05-26,1656,,
RC-000237,P-00043859,S-000032,2026-06-01,1656,PO-000417,
RC-000238,P-00043859,S-000032,2026-06-05,1656,PO-000418,
RC-000239,P-00043859,S-000032,2026-06-10,1656,PO-000419,
RC-000240,P-00043859,S-000032,2026-06-12,1656,PO-000420,
RC-000241,P-00043859,S-000032,2026-06-15,1656,PO-000421,
RC-000242,P-00043859,S-000032,2026-06-17,1656,PO-000422,
RC-000243,P-00043859,S-000032,2026-06-19,1656,PO-000423,
RC-000244,P-00043859,S-000032,2026-06-24,1656,PO-000424,
RC-000245,P-00043859,S-000032,2026-06-26,1656,PO-000425,
RC-000246,P-00043859,S-000032,2026-06-30,1656,PO-000426,
RC-000247,P-00043859,S-000032,2026-07-02,1656,PO-000427,
RC-000248,P-00043859,S-000032,2026-07-06,1656,PO-000428,
RC-000249,P-00043859,S-000032,2026-07-08,1656,PO-000429,
RC-000250,P-00043859,S-000032,2026-07-10,1656,PO-000430,
RC-000251,P-00043859,S-000032,2026-07-13,1656,PO-000431,
RC-000252,P-00043859,S-000032,2026-07-15,1656,PO-000432,
RC-000253,P-00043859,S-000032,2026-07-17,1656,PO-000433,
RC-000254,P-00043859,S-000032,2026-07-20,1656,PO-000434,
RC-000255,P-00043859,S-000032,2026-07-22,1656,PO-000435,
RC-000256,P-00043859,S-000032,2026-07-24,1656,PO-000436,
RC-000257,P-00043859,S-000032,2026-08-19,1656,PO-000437,
RC-000258,P-00043859,S-000032,2026-08-24,1656,PO-000438,
RC-000259,P-00043859,S-000032,2026-08-31,1656,PO-000439,
RC-000260,P-00043859,S-000032,2026-09-02,1656,PO-000440,
RC-000261,P-00043859,S-000032,2026-09-08,1656,PO-000441,
RC-000262,P-00043859,S-000032,2026-09-10,1656,PO-000442,
RC-000263,P-00043859,S-000032,2026-09-14,1656,PO-000443,
RC-000264,P-00043859,S-000032,2026-09-16,1656,PO-000444,
RC-000265,P-00043859,S-001033,2026-05-31,1944,,
RC-000266,P-00043859,S-001033,2026-06-08,1944,,
RC-000267,P-00043859,S-001033,2026-06-22,1944,,
RC-000268,P-00061611,S-000378,2026-03-20,4800,,
RC-000269,P-00061611,S-000378,2026-04-13,1920,PO-000474,
RC-000270,P-00061611,S-000378,2026-04-17,2400,,
RC-000271,P-00061611,S-000378,2026-04-22,2400,,
RC-000272,P-00061611,S-000378,2026-04-23,2400,PO-000477,
RC-000273,P-00061611,S-000378,2026-05-18,4800,PO-000479,
RC-000274,P-00061611,S-000378,2026-05-28,4320,PO-000480,
RC-000275,P-00061611,S-000378,2026-05-29,1920,,
RC-000276,P-00061611,S-000378,2026-06-04,4800,PO-000481,
RC-000277,P-00061611,S-000378,2026-06-11,6720,,
RC-000278,P-00061611,S-000378,2026-06-24,11040,,
RC-000279,P-00061611,S-000378,2026-06-26,4800,,
RC-000280,P-00061611,S-000378,2026-07-15,20400,,
RC-000281,P-00061611,S-000378,2026-07-27,960,PO-000488,
RC-000282,P-00061611,S-000378,2026-08-09,960,PO-000489,
RC-000283,P-00061611,S-000378,2026-08-27,4800,PO-000490,
RC-000284,P-00068225,S-000378,2026-03-16,2100,PO-000515,
RC-000285,P-00068225,S-000378,2026-03-20,342,,
RC-000286,P-00068225,S-000378,2026-04-09,456,PO-000520,
RC-000287,P-00068225,S-000378,2026-04-22,456,,
RC-000288,P-00068225,S-000378,2026-04-27,762,,
RC-000289,P-00068225,S-000378,2026-04-30,684,,
RC-000290,P-00068225,S-000378,2026-05-07,1050,PO-000525,
RC-000291,P-00068225,S-000378,2026-05-20,1575,,
RC-000292,P-00068225,S-000378,2026-05-27,1026,,
RC-000293,P-00068225,S-000378,2026-05-29,630,,
RC-000294,P-00068225,S-000378,2026-06-04,1050,PO-000530,
RC-000295,P-00068225,S-000378,2026-06-11,912,,
RC-000296,P-00068225,S-000378,2026-06-26,2100,,
RC-000297,P-00068225,S-000378,2026-07-08,1470,,
RC-000298,P-00068225,S-000378,2026-07-10,1890,,
RC-000299,P-00068225,S-000378,2026-07-27,684,,
RC-000300,P-00068225,S-000378,2026-08-09,570,PO-000539,
RC-000301,P-00068225,S-000378,2026-08-27,456,PO-000541,
RC-000302,P-00068225,S-000378,2026-09-09,912,,
RC-000303,P-00068225,S-000378,2026-09-16,114,,
RC-000304,P-00072208,S-000517,2026-04-09,2700,PO-000567,
RC-000305,P-00072208,S-000517,2026-04-23,5400,PO-000568,
RC-000306,P-00072208,S-000517,2026-05-07,4500,PO-000569,
RC-000307,P-00072208,S-000517,2026-05-18,4500,PO-000570,
RC-000308,P-00072208,S-000517,2026-05-21,5400,PO-000571,
RC-000309,P-00072208,S-000517,2026-05-28,1800,PO-000572,
RC-000310,P-00072208,S-000517,2026-06-05,4500,,
RC-000311,P-00072208,S-000517,2026-06-11,3600,PO-000574,
RC-000312,P-00072208,S-000517,2026-06-18,4500,PO-000576,
RC-000313,P-00072208,S-000517,2026-06-25,3600,PO-000578,
RC-000314,P-00072208,S-000517,2026-07-01,3600,,
RC-000315,P-00072208,S-000517,2026-07-09,5400,PO-000580,
RC-000316,P-00072208,S-000517,2026-07-17,2700,,
RC-000317,P-00072208,S-000517,2026-07-27,4500,,
RC-000318,P-00072208,S-000517,2026-07-30,2700,,
RC-000319,P-00072208,S-000517,2026-08-20,2700,PO-000584,
RC-000320,P-00072208,S-000517,2026-08-27,5400,PO-000585,
RC-000321,P-00072208,S-000517,2026-09-04,4500,,
RC-000322,P-00072208,S-000517,2026-09-17,6300,PO-000587,
RC-000323,P-00076292,S-000032,2026-03-18,1104,PO-000614,
RC-000324,P-00076292,S-000032,2026-03-19,1104,,
RC-000325,P-00076292,S-000032,2026-03-24,1104,PO-000616,
RC-000326,P-00076292,S-000032,2026-03-26,1104,PO-000617,
RC-000327,P-00076292,S-000032,2026-03-30,1104,PO-000618,
RC-000328,P-00076292,S-000032,2026-04-01,1104,PO-000619,
RC-000329,P-00076292,S-000032,2026-04-02,1104,PO-000620,
RC-000330,P-00076292,S-000032,2026-04-09,936,PO-000621,
RC-000331,P-00076292,S-000032,2026-04-10,168,PO-000622,
RC-000332,P-00076292,S-000032,2026-04-13,1104,PO-000623,
RC-000333,P-00076292,S-000032,2026-04-14,1080,PO-000624,
RC-000334,P-00076292,S-000032,2026-04-16,1104,PO-000625,
RC-000335,P-00076292,S-000032,2026-04-21,1104,PO-000626,
RC-000336,P-00076292,S-000032,2026-04-23,1104,PO-000627,
RC-000337,P-00076292,S-000032,2026-04-28,1104,PO-000628,
RC-000338,P-00076292,S-000032,2026-04-30,1104,PO-000629,
RC-000339,P-00076292,S-000032,2026-05-05,1104,PO-000630,
RC-000340,P-00076292,S-000032,2026-05-07,1104,PO-000631,
RC-000341,P-00076292,S-000032,2026-05-12,1104,PO-000632,
RC-000342,P-00076292,S-000032,2026-05-13,1104,PO-000633,
RC-000343,P-00076292,S-000032,2026-05-19,1104,PO-000634,
RC-000344,P-00076292,S-000032,2026-05-26,1104,PO-000635,
RC-000345,P-00076292,S-000032,2026-05-28,1104,PO-000636,
RC-000346,P-00076292,S-000032,2026-05-29,1104,PO-000637,
RC-000347,P-00076292,S-000032,2026-06-01,1104,PO-000638,
RC-000348,P-00076292,S-000032,2026-06-03,1104,PO-000639,
RC-000349,P-00076292,S-000032,2026-06-08,1104,PO-000640,
RC-000350,P-00076292,S-000032,2026-06-11,1104,PO-000641,
RC-000351,P-00076292,S-000032,2026-06-16,1104,PO-000642,
RC-000352,P-00076292,S-000032,2026-06-18,1104,PO-000643,
RC-000353,P-00076292,S-000032,2026-06-23,1104,PO-000644,
RC-000354,P-00076292,S-000032,2026-06-25,1104,PO-000645,
RC-000355,P-00076292,S-000032,2026-07-07,1104,PO-000646,
RC-000356,P-00076292,S-000032,2026-07-09,1104,PO-000647,
RC-000357,P-00076292,S-000032,2026-07-13,1104,PO-000648,
RC-000358,P-00076292,S-000032,2026-07-16,2208,PO-000649,
RC-000359,P-00076292,S-000032,2026-07-21,1104,PO-000650,
RC-000360,P-00076292,S-000032,2026-07-23,1104,PO-000651,
RC-000361,P-00076292,S-000032,2026-08-28,1104,PO-000652,
RC-000362,P-00076292,S-000032,2026-09-04,1104,PO-000653,
RC-000363,P-00076292,S-000032,2026-09-11,1104,PO-000654,
RC-000364,P-00076292,S-000032,2026-09-18,1104,PO-000655,
RC-000365,P-00097112,S-000904,2026-04-28,2907.5,,
RC-000366,P-00097112,S-000904,2026-05-22,10334.5,,
RC-000367,P-00097112,S-000904,2026-06-08,3923.5,,
RC-000368,P-00097112,S-000904,2026-06-10,11254,,
RC-000369,P-00097112,S-000904,2026-06-22,3923.5,,
RC-000370,P-00097112,S-000904,2026-06-24,960,,
RC-000371,P-00097112,S-000904,2026-06-25,970.2,PO-000695,
RC-000372,P-00097112,S-000904,2026-06-26,483.3,,
RC-000373,P-00097112,S-000904,2026-06-29,895.8,,
RC-000374,P-00097112,S-000904,2026-06-30,952.1,,
RC-000375,P-00097112,S-000904,2026-07-01,729.5,,
RC-000376,P-00097112,S-000904,2026-07-03,1882.1,,
RC-000377,P-00097112,S-000904,2026-07-06,944.6,,
RC-000378,P-00097112,S-000904,2026-07-09,980.2,PO-000697,
RC-000379,P-00097112,S-000904,2026-07-10,957.8,,
RC-000380,P-00097112,S-000904,2026-07-13,934.2,,
RC-000381,P-00097112,S-000904,2026-07-15,2199,,
RC-000382,P-00097112,S-000904,2026-07-16,484.5,PO-000698,
RC-000383,P-00097112,S-000904,2026-07-17,1700,,
RC-000384,P-00097112,S-000904,2026-07-20,915.8,,
RC-000385,P-00097112,S-000904,2026-07-21,1929.6,,
RC-000386,P-00097112,S-000904,2026-07-23,3531.7,PO-000699,
RC-000387,P-00097112,S-000904,2026-07-27,2416,,
RC-000388,P-00097112,S-000904,2026-07-28,1907,,
RC-000389,P-00097112,S-000904,2026-07-29,492,,
RC-000390,P-00097112,S-000904,2026-08-06,1447,,
RC-000391,P-00097112,S-000904,2026-08-19,2325.5,,
RC-000392,P-00097112,S-000904,2026-08-20,1110.5,PO-000701,
RC-000393,P-00097112,S-000904,2026-08-26,4689.5,,
RC-000394,P-00097112,S-000904,2026-08-27,3253,PO-000702,
RC-000395,P-00097112,S-000904,2026-08-31,3635,,
RC-000396,P-00097112,S-000904,2026-09-02,6925.5,,
RC-000397,P-00097112,S-000904,2026-09-07,5092.5,,
RC-000398,P-00097112,S-000904,2026-09-08,3207.5,,
RC-000399,P-00097112,S-000904,2026-09-14,4817.5,,
RC-000400,P-00162871,S-000378,2026-03-16,6360,PO-000732,
RC-000401,P-00162871,S-000378,2026-03-20,6480,,
RC-000402,P-00162871,S-000378,2026-03-27,12240,,
RC-000403,P-00162871,S-000378,2026-04-02,8520,PO-000737,
RC-000404,P-00162871,S-000378,2026-04-09,7680,PO-000738,
RC-000405,P-00162871,S-000378,2026-04-13,5400,PO-000739,
RC-000406,P-00162871,S-000378,2026-04-17,12360,,
RC-000407,P-00162871,S-000378,2026-04-22,9240,,
RC-000408,P-00162871,S-000378,2026-04-24,4320,,
RC-000409,P-00162871,S-000378,2026-04-30,9120,PO-000744,
RC-000410,P-00162871,S-000378,2026-05-07,10200,PO-000746,
RC-000411,P-00162871,S-000378,2026-05-18,15120,,
RC-000412,P-00162871,S-000378,2026-05-26,20280,,
RC-000413,P-00162871,S-000378,2026-06-29,21000,PO-000748,
RC-000414,P-00162871,S-000378,2026-07-06,9600,,
RC-000415,P-00162871,S-000378,2026-07-08,1440,,
RC-000416,P-00162871,S-000378,2026-07-15,4800,,
RC-000417,P-00162871,S-000378,2026-09-16,3360,,
RC-000418,P-00162871,S-001562,2026-05-07,12000,PO-000776,
RC-000419,P-00162871,S-001562,2026-05-18,12000,PO-000777,
RC-000420,P-00162871,S-001562,2026-05-27,14400,PO-000778,
RC-000421,P-00162871,S-001562,2026-06-03,14400,PO-000779,
RC-000422,P-00162871,S-001562,2026-06-09,7200,,
RC-000423,P-00162871,S-001562,2026-06-15,7200,,
RC-000424,P-00162871,S-001562,2026-06-18,7200,PO-000782,
RC-000425,P-00162871,S-001562,2026-06-26,7200,PO-000783,
RC-000426,P-00162871,S-001562,2026-07-08,15360,PO-000784,
RC-000427,P-00162871,S-001562,2026-07-21,10080,PO-000785,
RC-000428,P-00162871,S-001562,2026-08-25,7200,PO-000786,
RC-000429,P-00162871,S-001562,2026-08-27,9120,PO-000787,
RC-000430,P-00162871,S-001562,2026-09-01,4800,PO-000788,
RC-000431,P-00162871,S-001562,2026-09-04,11520,PO-000789,
RC-000432,P-00162871,S-001562,2026-09-08,12480,PO-000790,
RC-000433,P-00162871,S-001562,2026-09-14,7680,PO-000791,
RC-000434,P-00162871,S-001562,2026-09-17,10560,PO-000792,
RC-000435,P-00197812,S-000378,2026-04-13,1330,PO-000819,
RC-000436,P-00197812,S-000378,2026-04-17,665,,
RC-000437,P-00197812,S-000378,2026-04-22,665,,
RC-000438,P-00197812,S-000378,2026-04-30,95,PO-000824,
RC-000439,P-00197812,S-000378,2026-05-04,2470,PO-000825,
RC-000440,P-00197812,S-000378,2026-05-07,760,PO-000826,
RC-000441,P-00197812,S-000378,2026-05-20,2205,,
RC-000442,P-00197812,S-000378,2026-05-27,1615,,
RC-000443,P-00197812,S-000378,2026-05-28,1680,PO-000831,
RC-000444,P-00197812,S-000378,2026-05-29,2520,,
RC-000445,P-00197812,S-000378,2026-06-03,665,,
RC-000446,P-00197812,S-000378,2026-06-04,1050,,
RC-000447,P-00197812,S-000378,2026-06-10,2755,,
RC-000448,P-00197812,S-000378,2026-06-11,3675,,
RC-000449,P-00197812,S-000378,2026-06-12,380,,
RC-000450,P-00197812,S-000378,2026-06-15,3465,PO-000837,
RC-000451,P-00197812,S-000378,2026-06-24,570,,
RC-000452,P-00197812,S-000378,2026-06-26,3465,,
RC-000453,P-00197812,S-000378,2026-07-06,1260,PO-000841,
RC-000454,P-00197812,S-000378,2026-07-08,1470,,
RC-000455,P-00197812,S-000378,2026-07-10,1890,,
RC-000456,P-00197812,S-000378,2026-07-27,1140,PO-000844,
RC-000457,P-00197812,S-000378,2026-08-09,1805,PO-000845,
RC-000458,P-00197812,S-000378,2026-08-27,190,,
RC-000459,P-00197812,S-000378,2026-09-08,3465,,
RC-000460,P-00197812,S-000378,2026-09-09,2415,,
RC-000461,P-00197812,S-000378,2026-09-16,855,,
RC-000462,P-00197812,S-001562,2026-05-05,475,PO-000876,
RC-000463,P-00197812,S-001562,2026-05-12,475,PO-000877,
RC-000464,P-00197812,S-001562,2026-05-19,570,PO-000878,
RC-000465,P-00197812,S-001562,2026-05-27,665,PO-000879,
RC-000466,P-00197812,S-001562,2026-06-09,760,,
RC-000467,P-00197812,S-001562,2026-06-15,665,PO-000882,
RC-000468,P-00197812,S-001562,2026-06-24,760,PO-000884,
RC-000469,P-00197812,S-001562,2026-07-08,1710,PO-000885,
RC-000470,P-00197812,S-001562,2026-07-20,2470,PO-000886,
RC-000471,P-00197812,S-001562,2026-08-06,1140,PO-000887,
RC-000472,P-00197812,S-001562,2026-08-27,380,PO-000889,
RC-000473,P-00197812,S-001562,2026-09-01,1520,PO-000890,
RC-000474,P-00197812,S-001562,2026-09-04,1805,PO-000891,
RC-000475,P-00197812,S-001562,2026-09-08,1140,PO-000892,
RC-000476,P-00197812,S-001562,2026-09-14,2185,PO-000893,
RC-000477,P-00197812,S-001562,2026-09-17,760,PO-000894,
